Year,Date,Hijri_Date,Day,Multan_DOC_Rate,Multan_Farm_Rate
2015,1-Jan-15,10 Rabi Al-Awwal 1436,Thursday,50,158
2015,2-Jan-15,11 Rabi Al-Awwal 1436,Friday,50,153
2015,3-Jan-15,12 Rabi Al-Awwal 1436,Saturday,46,150
2015,4-Jan-15,13 Rabi Al-Awwal 1436,Sunday,44,150
2015,5-Jan-15,14 Rabi Al-Awwal 1436,Monday,42,150
2015,6-Jan-15,15 Rabi Al-Awwal 1436,Tuesday,38,145
2015,7-Jan-15,16 Rabi Al-Awwal 1436,Wednesday,36,140
2015,8-Jan-15,17 Rabi Al-Awwal 1436,Thursday,36,140
2015,9-Jan-15,18 Rabi Al-Awwal 1436,Friday,38,142
2015,10-Jan-15,19 Rabi Al-Awwal 1436,Saturday,40,142
2015,11-Jan-15,20 Rabi Al-Awwal 1436,Sunday,40,145
2015,12-Jan-15,21 Rabi Al-Awwal 1436,Monday,40,145
2015,13-Jan-15,22 Rabi Al-Awwal 1436,Tuesday,40,140
2015,14-Jan-15,23 Rabi Al-Awwal 1436,Wednesday,40,140
2015,15-Jan-15,24 Rabi Al-Awwal 1436,Thursday,40,142
2015,16-Jan-15,25 Rabi Al-Awwal 1436,Friday,40,140
2015,17-Jan-15,26 Rabi Al-Awwal 1436,Saturday,40,133
2015,18-Jan-15,27 Rabi Al-Awwal 1436,Sunday,40,133
2015,19-Jan-15,28 Rabi Al-Awwal 1436,Monday,40,135
2015,20-Jan-15,29 Rabi Al-Awwal 1436,Tuesday,34,130
2015,21-Jan-15,1 Rabi Al-Thani,Wednesday,30,125
2015,22-Jan-15,2 Rabi Al-Thani,Thursday,28,125
2015,23-Jan-15,3 Rabi Al-Thani,Friday,28,125
2015,24-Jan-15,4 Rabi Al-Thani,Saturday,28,125
2015,25-Jan-15,5 Rabi Al-Thani,Sunday,28,122
2015,26-Jan-15,6 Rabi Al-Thani,Monday,28,118
2015,27-Jan-15,7 Rabi Al-Thani,Tuesday,24,115
2015,28-Jan-15,8 Rabi Al-Thani,Wednesday,22,108
2015,29-Jan-15,9 Rabi Al-Thani,Thursday,20,112
2015,30-Jan-15,10 Rabi Al-Thani,Friday,20,112
2015,31-Jan-15,11 Rabi Al-Thani,Saturday,20,112
2015,1-Feb-15,12 Rabi Al-Thani,Sunday,20,112
2015,2-Feb-15,13 Rabi Al-Thani,Monday,20,115
2015,3-Feb-15,14 Rabi Al-Thani,Tuesday,22,115
2015,4-Feb-15,15 Rabi Al-Thani,Wednesday,26,120
2015,5-Feb-15,16 Rabi Al-Thani,Thursday,26,122
2015,6-Feb-15,17 Rabi Al-Thani,Friday,28,122
2015,7-Feb-15,18 Rabi Al-Thani,Saturday,28,114
2015,8-Feb-15,19 Rabi Al-Thani,Sunday,24,114
2015,9-Feb-15,20 Rabi Al-Thani,Monday,22,116
2015,10-Feb-15,21 Rabi Al-Thani,Tuesday,20,116
2015,11-Feb-15,22 Rabi Al-Thani,Wednesday,20,112
2015,12-Feb-15,23 Rabi Al-Thani,Thursday,18,112
2015,13-Feb-15,24 Rabi Al-Thani,Friday,16,106
2015,14-Feb-15,25 Rabi Al-Thani,Saturday,16,110
2015,15-Feb-15,26 Rabi Al-Thani,Sunday,16,114
2015,16-Feb-15,27 Rabi Al-Thani,Monday,16,110
2015,17-Feb-15,28 Rabi Al-Thani,Tuesday,16,105
2015,18-Feb-15,29 Rabi Al-Thani,Wednesday,16,105
2015,19-Feb-15,30 Rabi Al-Thani,Thursday,14,103
2015,20-Feb-15,1 Jumada Al-Awwal,Friday,14,108
2015,21-Feb-15,2 Jumada Al-Awwal,Saturday,14,108
2015,22-Feb-15,3 Jumada Al-Awwal,Sunday,12,105
2015,23-Feb-15,4 Jumada Al-Awwal,Monday,12,95
2015,24-Feb-15,5 Jumada Al-Awwal,Tuesday,10,95
2015,25-Feb-15,6 Jumada Al-Awwal,Wednesday,10,95
2015,26-Feb-15,7 Jumada Al-Awwal,Thursday,10,95
2015,27-Feb-15,8 Jumada Al-Awwal,Friday,10,98
2015,28-Feb-15,9 Jumada Al-Awwal,Saturday,14,102
2015,1-Mar-15,10 Jumada Al-Awwal,Sunday,18,110
2015,2-Mar-15,11 Jumada Al-Awwal,Monday,22,118
2015,3-Mar-15,12 Jumada Al-Awwal,Tuesday,24,118
2015,4-Mar-15,13 Jumada Al-Awwal,Wednesday,24,112
2015,5-Mar-15,14 Jumada Al-Awwal,Thursday,18,103
2015,6-Mar-15,15 Jumada Al-Awwal,Friday,18,105
2015,7-Mar-15,16 Jumada Al-Awwal,Saturday,18,110
2015,8-Mar-15,17 Jumada Al-Awwal,Sunday,18,110
2015,9-Mar-15,18 Jumada Al-Awwal,Monday,18,107
2015,10-Mar-15,19 Jumada Al-Awwal,Tuesday,14,105
2015,11-Mar-15,20 Jumada Al-Awwal,Wednesday,22,115
2015,12-Mar-15,21 Jumada Al-Awwal,Thursday,22,120
2015,13-Mar-15,22 Jumada Al-Awwal,Friday,16,112
2015,14-Mar-15,23 Jumada Al-Awwal,Saturday,16,105
2015,15-Mar-15,24 Jumada Al-Awwal,Sunday,16,105
2015,16-Mar-15,25 Jumada Al-Awwal,Monday,16,110
2015,17-Mar-15,26 Jumada Al-Awwal,Tuesday,16,112
2015,18-Mar-15,27 Jumada Al-Awwal,Wednesday,16,108
2015,19-Mar-15,28 Jumada Al-Awwal,Thursday,16,108
2015,20-Mar-15,29 Jumada Al-Awwal,Friday,16,112
2015,21-Mar-15,1 Jumada Al-Thani,Saturday,16,112
2015,22-Mar-15,2 Jumada Al-Thani,Sunday,16,108
2015,23-Mar-15,3 Jumada Al-Thani,Monday,16,112
2015,24-Mar-15,4 Jumada Al-Thani,Tuesday,16,112
2015,25-Mar-15,5 Jumada Al-Thani,Wednesday,16,112
2015,26-Mar-15,6 Jumada Al-Thani,Thursday,16,115
2015,27-Mar-15,7 Jumada Al-Thani,Friday,16,117
2015,28-Mar-15,8 Jumada Al-Thani,Saturday,16,115
2015,29-Mar-15,9 Jumada Al-Thani,Sunday,17,115
2015,30-Mar-15,10 Jumada Al-Thani,Monday,18,122
2015,31-Mar-15,11 Jumada Al-Thani,Tuesday,18,125
2015,1-Apr-15,12 Jumada Al-Thani,Wednesday,22,125
2015,2-Apr-15,13 Jumada Al-Thani,Thursday,28,127
2015,3-Apr-15,14 Jumada Al-Thani,Friday,30,133
2015,4-Apr-15,15 Jumada Al-Thani,Saturday,30,130
2015,5-Apr-15,16 Jumada Al-Thani,Sunday,30,132
2015,6-Apr-15,17 Jumada Al-Thani,Monday,30,132
2015,7-Apr-15,18 Jumada Al-Thani,Tuesday,26,130
2015,8-Apr-15,19 Jumada Al-Thani,Wednesday,22,132
2015,9-Apr-15,20 Jumada Al-Thani,Thursday,24,132
2015,10-Apr-15,21 Jumada Al-Thani,Friday,24,138
2015,11-Apr-15,22 Jumada Al-Thani,Saturday,26,138
2015,12-Apr-15,23 Jumada Al-Thani,Sunday,26,140
2015,13-Apr-15,24 Jumada Al-Thani,Monday,26,140
2015,14-Apr-15,25 Jumada Al-Thani,Tuesday,26,142
2015,15-Apr-15,26 Jumada Al-Thani,Wednesday,30,142
2015,16-Apr-15,27 Jumada Al-Thani,Thursday,32,145
2015,17-Apr-15,28 Jumada Al-Thani,Friday,32,142
2015,18-Apr-15,29 Jumada Al-Thani,Saturday,32,138
2015,19-Apr-15,30 Jumada Al-Thani,Sunday,32,133
2015,20-Apr-15,1 Rajab 1436,Monday,32,130
2015,21-Apr-15,2 Rajab 1436,Tuesday,28,130
2015,22-Apr-15,3 Rajab 1436,Wednesday,26,127
2015,23-Apr-15,4 Rajab 1436,Thursday,26,127
2015,24-Apr-15,5 Rajab 1436,Friday,26,125
2015,25-Apr-15,6 Rajab 1436,Saturday,28,125
2015,26-Apr-15,7 Rajab 1436,Sunday,28,120
2015,27-Apr-15,8 Rajab 1436,Monday,28,120
2015,28-Apr-15,9 Rajab 1436,Tuesday,30,125
2015,29-Apr-15,10 Rajab 1436,Wednesday,32,130
2015,1-May-15,12 Rajab 1436,Friday,34,135
2015,2-May-15,13 Rajab 1436,Saturday,36,135
2015,3-May-15,14 Rajab 1436,Sunday,37,135
2015,4-May-15,15 Rajab 1436,Monday,38,135
2015,5-May-15,16 Rajab 1436,Tuesday,40,145
2015,6-May-15,17 Rajab 1436,Wednesday,42,150
2015,7-May-15,18 Rajab 1436,Thursday,44,155
2015,8-May-15,19 Rajab 1436,Friday,44,150
2015,9-May-15,20 Rajab 1436,Saturday,44,137
2015,10-May-15,21 Rajab 1436,Sunday,14,137
2015,11-May-15,22 Rajab 1436,Monday,36,142
2015,12-May-15,23 Rajab 1436,Tuesday,38,144
2015,13-May-15,24 Rajab 1436,Wednesday,38,140
2015,14-May-15,25 Rajab 1436,Thursday,34,135
2015,15-May-15,26 Rajab 1436,Friday,30,138
2015,16-May-15,27 Rajab 1436,Saturday,30,145
2015,17-May-15,28 Rajab 1436,Sunday,32,150
2015,18-May-15,29 Rajab 1436,Monday,32,145
2015,19-May-15,1 Shaban 1436,Tuesday,32,140
2015,20-May-15,2 Shaban 1436,Wednesday,32,145
2015,21-May-15,3 Shaban 1436,Thursday,34,145
2015,22-May-15,4 Shaban 1436,Friday,36,150
2015,23-May-15,5 Shaban 1436,Saturday,38,150
2015,24-May-15,6 Shaban 1436,Sunday,41,150
2015,25-May-15,7 Shaban 1436,Monday,44,160
2015,26-May-15,8 Shaban 1436,Tuesday,52,162
2015,27-May-15,9 Shaban 1436,Wednesday,52,165
2015,28-May-15,10 Shaban 1436,Thursday,54,165
2015,29-May-15,11 Shaban 1436,Friday,54,160
2015,30-May-15,12 Shaban 1436,Saturday,54,160
2015,31-May-15,13 Shaban 1436,Sunday,55,168
2015,1-Jun-15,14 Shaban 1436,Monday,56,175
2015,2-Jun-15,15 Shaban 1436,Tuesday,56,168
2015,3-Jun-15,16 Shaban 1436,Wednesday,58,168
2015,4-Jun-15,17 Shaban 1436,Thursday,58,172
2015,5-Jun-15,18 Shaban 1436,Friday,60,172
2015,6-Jun-15,19 Shaban 1436,Saturday,60,175
2015,7-Jun-15,20 Shaban 1436,Sunday,61,175
2015,8-Jun-15,21 Shaban 1436,Monday,62,170
2015,9-Jun-15,22 Shaban 1436,Tuesday,62,167
2015,10-Jun-15,23 Shaban 1436,Wednesday,64,172
2015,11-Jun-15,24 Shaban 1436,Thursday,64,180
2015,12-Jun-15,25 Shaban 1436,Friday,66,180
2015,13-Jun-15,26 Shaban 1436,Saturday,66,180
2015,14-Jun-15,27 Shaban 1436,Sunday,66,185
2015,15-Jun-15,28 Shaban 1436,Monday,66,185
2015,16-Jun-15,29 Shaban 1436,Tuesday,50,180
2015,17-Jun-15,30 Shaban 1436,Wednesday,44,178
2015,18-Jun-15,1 Ramadan 1436,Thursday,38,173
2015,19-Jun-15,2 Ramadan 1436,Friday,38,173
2015,20-Jun-15,3 Ramadan 1436,Saturday,38,170
2015,21-Jun-15,4 Ramadan 1436,Sunday,38,165
2015,22-Jun-15,5 Ramadan 1436,Monday,38,155
2015,23-Jun-15,6 Ramadan 1436,Tuesday,38,150
2015,24-Jun-15,7 Ramadan 1436,Wednesday,38,150
2015,25-Jun-15,8 Ramadan 1436,Thursday,40,150
2015,26-Jun-15,9 Ramadan 1436,Friday,50,160
2015,27-Jun-15,10 Ramadan 1436,Saturday,52,165
2015,28-Jun-15,11 Ramadan 1436,Sunday,47,160
2015,29-Jun-15,12 Ramadan 1436,Monday,42,155
2015,30-Jun-15,13 Ramadan 1436,Tuesday,42,155
2015,1-Jul-15,14 Ramadan 1436,Wednesday,44,165
2015,2-Jul-15,15 Ramadan 1436,Thursday,46,165
2015,3-Jul-15,16 Ramadan 1436,Friday,46,165
2015,4-Jul-15,17 Ramadan 1436,Saturday,46,160
2015,5-Jul-15,18 Ramadan 1436,Sunday,46,163
2015,6-Jul-15,19 Ramadan 1436,Monday,46,165
2015,7-Jul-15,20 Ramadan 1436,Tuesday,48,165
2015,8-Jul-15,21 Ramadan 1436,Wednesday,48,165
2015,9-Jul-15,22 Ramadan 1436,Thursday,48,165
2015,10-Jul-15,23 Ramadan 1436,Friday,48,160
2015,11-Jul-15,24 Ramadan 1436,Saturday,48,160
2015,12-Jul-15,25 Ramadan 1436,Sunday,48,160
2015,13-Jul-15,26 Ramadan 1436,Monday,46,165
2015,14-Jul-15,27 Ramadan 1436,Tuesday,40,160
2015,15-Jul-15,28 Ramadan 1436,Wednesday,40,160
2015,16-Jul-15,29 Ramadan 1436,Thursday,40,160
2015,17-Jul-15,1 Shawwal 1436,Friday,40,155
2015,18-Jul-15,2 Shawwal 1436,Saturday,40,162
2015,19-Jul-15,3 Shawwal 1436,Sunday,40,162
2015,20-Jul-15,4 Shawwal 1436,Monday,40,162
2015,21-Jul-15,5 Shawwal 1436,Tuesday,40,170
2015,22-Jul-15,6 Shawwal 1436,Wednesday,48,165
2015,23-Jul-15,7 Shawwal 1436,Thursday,48,170
2015,24-Jul-15,8 Shawwal 1436,Friday,44,175
2015,25-Jul-15,9 Shawwal 1436,Saturday,38,175
2015,26-Jul-15,10 Shawwal 1436,Sunday,37,175
2015,27-Jul-15,11 Shawwal 1436,Monday,36,170
2015,28-Jul-15,12 Shawwal 1436,Tuesday,36,170
2015,29-Jul-15,13 Shawwal 1436,Wednesday,38,170
2015,30-Jul-15,14 Shawwal 1436,Thursday,40,175
2015,31-Jul-15,15 Shawwal 1436,Friday,42,170
2015,1-Aug-15,16 Shawwal 1436,Saturday,42,165
2015,2-Aug-15,17 Shawwal 1436,Sunday,42,158
2015,3-Aug-15,18 Shawwal 1436,Monday,42,155
2015,4-Aug-15,19 Shawwal 1436,Tuesday,42,150
2015,5-Aug-15,20 Shawwal 1436,Wednesday,42,150
2015,6-Aug-15,21 Shawwal 1436,Thursday,40,145
2015,7-Aug-15,22 Shawwal 1436,Friday,34,130
2015,8-Aug-15,23 Shawwal 1436,Saturday,26,120
2015,9-Aug-15,24 Shawwal 1436,Sunday,28,127
2015,10-Aug-15,25 Shawwal 1436,Monday,28,140
2015,11-Aug-15,26 Shawwal 1436,Tuesday,30,140
2015,12-Aug-15,27 Shawwal 1436,Wednesday,32,135
2015,13-Aug-15,28 Shawwal 1436,Thursday,32,140
2015,14-Aug-15,29 Shawwal 1436,Friday,32,137
2015,15-Aug-15,30 Shawwal 1436,Saturday,24,135
2015,16-Aug-15,1 Dhul Qadah 1436,Sunday,22,135
2015,17-Aug-15,2 Dhul Qadah 1436,Monday,18,133
2015,18-Aug-15,3 Dhul Qadah 1436,Tuesday,18,125
2015,19-Aug-15,4 Dhul Qadah 1436,Wednesday,18,130
2015,20-Aug-15,5 Dhul Qadah 1436,Thursday,16,125
2015,21-Aug-15,6 Dhul Qadah 1436,Friday,12,120
2015,22-Aug-15,7 Dhul Qadah 1436,Saturday,12,112
2015,23-Aug-15,8 Dhul Qadah 1436,Sunday,14,112
2015,24-Aug-15,9 Dhul Qadah 1436,Monday,16,115
2015,25-Aug-15,10 Dhul Qadah 1436,Tuesday,20,120
2015,26-Aug-15,11 Dhul Qadah 1436,Wednesday,24,115
2015,27-Aug-15,12 Dhul Qadah 1436,Thursday,24,115
2015,28-Aug-15,13 Dhul Qadah 1436,Friday,24,115
2015,29-Aug-15,14 Dhul Qadah 1436,Saturday,24,117
2015,30-Aug-15,15 Dhul Qadah 1436,Sunday,18,117
2015,31-Aug-15,16 Dhul Qadah 1436,Monday,20,117
2015,1-Sep-15,17 Dhul Qadah 1436,Tuesday,18,115
2015,2-Sep-15,18 Dhul Qadah 1436,Wednesday,18,115
2015,3-Sep-15,19 Dhul Qadah 1436,Thursday,18,118
2015,4-Sep-15,20 Dhul Qadah 1436,Friday,18,118
2015,5-Sep-15,21 Dhul Qadah 1436,Saturday,18,118
2015,6-Sep-15,22 Dhul Qadah 1436,Sunday,18,115
2015,7-Sep-15,23 Dhul Qadah 1436,Monday,18,115
2015,8-Sep-15,24 Dhul Qadah 1436,Tuesday,16,110
2015,9-Sep-15,25 Dhul Qadah 1436,Wednesday,14,105
2015,10-Sep-15,26 Dhul Qadah 1436,Thursday,14,105
2015,11-Sep-15,27 Dhul Qadah 1436,Friday,16,105
2015,12-Sep-15,28 Dhul Qadah 1436,Saturday,18,105
2015,13-Sep-15,29 Dhul Qadah 1436,Sunday,18,105
2015,14-Sep-15,1 Dhul Hijjah 1436,Monday,18,107
2015,15-Sep-15,1 Dhul Hijjah 1436,Tuesday,18,100
2015,16-Sep-15,3 Dhul Hijjah 1436,Wednesday,18,100
2015,17-Sep-15,4 Dhul Hijjah 1436,Thursday,16,100
2015,18-Sep-15,5 Dhul Hijjah 1436,Friday,16,100
2015,19-Sep-15,6 Dhul Hijjah 1436,Saturday,20,100
2015,20-Sep-15,7 Dhul Hijjah 1436,Sunday,22,102
2015,21-Sep-15,8 Dhul Hijjah 1436,Monday,24,108
2015,22-Sep-15,9 Dhul Hijjah 1436,Tuesday,28,110
2015,23-Sep-15,10 Dhul Hijjah 1436,Wednesday,32,112
2015,24-Sep-15,10 Dhul Hijjah 1436,Thursday,32,117
2015,25-Sep-15,12 Dhul Hijjah 1436,Friday,33,120
2015,26-Sep-15,13 Dhul Hijjah 1436,Saturday,34,120
2015,27-Sep-15,14 Dhul Hijjah 1436,Sunday,35,120
2015,28-Sep-15,15 Dhul Hijjah 1436,Monday,36,120
2015,29-Sep-15,16 Dhul Hijjah 1436,Tuesday,28,112
2015,30-Sep-15,17 Dhul Hijjah 1436,Wednesday,22,105
2015,1-Oct-15,18 Dhul Hijjah 1436,Thursday,20,100
2015,2-Oct-15,19 Dhul Hijjah 1436,Friday,22,100
2015,3-Oct-15,20 Dhul Hijjah 1436,Saturday,22,100
2015,4-Oct-15,21 Dhul Hijjah 1436,Sunday,22,100
2015,5-Oct-15,22 Dhul Hijjah 1436,Monday,22,95
2015,6-Oct-15,23 Dhul Hijjah 1436,Tuesday,22,95
2015,7-Oct-15,24 Dhul Hijjah 1436,Wednesday,26,100
2015,8-Oct-15,25 Dhul Hijjah 1436,Thursday,26,105
2015,9-Oct-15,26 Dhul Hijjah 1436,Friday,28,105
2015,10-Oct-15,27 Dhul Hijjah 1436,Saturday,28,100
2015,11-Oct-15,28 Dhul Hijjah 1436,Sunday,28,100
2015,12-Oct-15,29 Dhul Hijjah 1436,Monday,28,100
2015,13-Oct-15,30 Dhul Hijjah 1436,Tuesday,26,100
2015,14-Oct-15,1 Muharram 1437,Wednesday,22,95
2015,15-Oct-15,1 Muharram 1437,Thursday,18,95
2015,16-Oct-15,3 Muharram 1437,Friday,22,100
2015,17-Oct-15,4 Muharram 1437,Saturday,26,105
2015,18-Oct-15,5 Muharram 1437,Sunday,26,107
2015,19-Oct-15,6 Muharram 1437,Monday,26,102
2015,20-Oct-15,7 Muharram 1437,Tuesday,26,105
2015,21-Oct-15,8 Muharram 1437,Wednesday,26,107
2015,22-Oct-15,9 Muharram 1437,Thursday,26,102
2015,23-Oct-15,10 Muharram 1437,Friday,26,102
2015,24-Oct-15,11 Muharram 1437,Saturday,26,90
2015,25-Oct-15,12 Muharram 1437,Sunday,26,105
2015,26-Oct-15,13 Muharram 1437,Monday,26,108
2015,27-Oct-15,14 Muharram 1437,Tuesday,26,108
2015,28-Oct-15,15 Muharram 1437,Wednesday,26,108
2015,29-Oct-15,16 Muharram 1437,Thursday,28,110
2015,30-Oct-15,17 Muharram 1437,Friday,34,115
2015,31-Oct-15,18 Muharram 1437,Saturday,36,120
2015,1-Nov-15,19 Muharram 1437,Sunday,36,122
2015,2-Nov-15,20 Muharram 1437,Monday,38,122
2015,3-Nov-15,21 Muharram 1437,Tuesday,40,101
2015,4-Nov-15,22 Muharram 1437,Wednesday,40,101
2015,5-Nov-15,23 Muharram 1437,Thursday,44,103
2015,6-Nov-15,24 Muharram 1437,Friday,46,116
2015,7-Nov-15,25 Muharram 1437,Saturday,48,116
2015,8-Nov-15,26 Muharram 1437,Sunday,48,116
2015,9-Nov-15,27 Muharram 1437,Monday,48,114
2015,10-Nov-15,28 Muharram 1437,Tuesday,52,125
2015,11-Nov-15,29 Muharram 1437,Wednesday,52,127
2015,12-Nov-15,30 Muharram 1437,Thursday,52,122
2015,13-Nov-15,1 Safar 1437,Friday,52,117
2015,14-Nov-15,2 Safar 1437,Saturday,52,116
2015,15-Nov-15,3 Safar 1437,Sunday,52,113
2015,16-Nov-15,4 Safar 1437,Monday,52,114
2015,17-Nov-15,5 Safar 1437,Tuesday,52,106
2015,18-Nov-15,6 Safar 1437,Wednesday,48,101
2015,19-Nov-15,7 Safar 1437,Thursday,36,101
2015,20-Nov-15,8 Safar 1437,Friday,36,103
2015,21-Nov-15,9 Safar 1437,Saturday,36,103
2015,22-Nov-15,10 Safar 1437,Sunday,36,102
2015,23-Nov-15,11 Safar 1437,Monday,36,100
2015,24-Nov-15,12 Safar 1437,Tuesday,36,94
2015,25-Nov-15,13 Safar 1437,Wednesday,36,94
2015,26-Nov-15,14 Safar 1437,Thursday,38,103
2015,27-Nov-15,15 Safar 1437,Friday,38,105
2015,28-Nov-15,15 Safar 1437,Saturday,38,100
2015,29-Nov-15,17 Safar 1437,Sunday,39,96
2015,30-Nov-15,18 Safar 1437,Monday,40,112
2015,1-Dec-15,19 Safar 1437,Tuesday,40,105
2015,2-Dec-15,20 Safar 1437,Wednesday,40,105
2015,3-Dec-15,21 Safar 1437,Thursday,40,115
2015,4-Dec-15,22 Safar 1437,Friday,40,110
2015,5-Dec-15,23 Safar 1437,Saturday,40,110
2015,6-Dec-15,24 Safar 1437,Sunday,40,110
2015,7-Dec-15,25 Safar 1437,Monday,38,110
2015,8-Dec-15,26 Safar 1437,Tuesday,36,112
2015,9-Dec-15,27 Safar 1437,Wednesday,36,120
2015,10-Dec-15,28 Safar 1437,Thursday,36,117
2015,11-Dec-15,29 Safar 1437,Friday,36,113
2015,12-Dec-15,1 Rabi Al-Awwal 1437,Saturday,36,113
2015,13-Dec-15,2 Rabi Al-Awwal 1437,Sunday,38,125
2015,14-Dec-15,3 Rabi Al-Awwal 1437,Monday,38,130
2015,15-Dec-15,4 Rabi Al-Awwal 1437,Tuesday,38,123
2015,16-Dec-15,5 Rabi Al-Awwal 1437,Wednesday,36,127
2015,17-Dec-15,6 Rabi Al-Awwal 1437,Thursday,35,127
2015,18-Dec-15,7 Rabi Al-Awwal 1437,Friday,28,127
2015,19-Dec-15,8 Rabi Al-Awwal 1437,Saturday,24,127
2015,20-Dec-15,9 Rabi Al-Awwal 1437,Sunday,22,125
2015,21-Dec-15,10 Rabi Al-Awwal 1437,Monday,18,122
2015,22-Dec-15,11 Rabi Al-Awwal 1437,Tuesday,14,120
2015,23-Dec-15,12 Rabi Al-Awwal 1437,Wednesday,14,120
2015,24-Dec-15,13 Rabi Al-Awwal 1437,Thursday,16,127
2015,25-Dec-15,14 Rabi Al-Awwal 1437,Friday,16,122
2015,26-Dec-15,15 Rabi Al-Awwal 1437,Saturday,16,124
2015,27-Dec-15,16 Rabi Al-Awwal 1437,Sunday,16,126
2015,28-Dec-15,17 Rabi Al-Awwal 1437,Monday,16,130
2015,29-Dec-15,18 Rabi Al-Awwal 1437,Tuesday,16,132
2015,30-Dec-15,19 Rabi Al-Awwal 1437,Wednesday,22,136
2015,31-Dec-15,20 Rabi Al-Awwal 1437,Thursday,26,142
2016,1-Jan-16,21 Rabi Al-Awwal 1437,Friday,30,136
2016,2-Jan-16,22 Rabi Al-Awwal 1437,Saturday,30,129
2016,3-Jan-16,23 Rabi Al-Awwal 1437,Sunday,24,129
2016,4-Jan-16,24 Rabi Al-Awwal 1437,Monday,18,137
2016,5-Jan-16,25 Rabi Al-Awwal 1437,Tuesday,14,137
2016,6-Jan-16,26 Rabi Al-Awwal 1437,Wednesday,14,133
2016,7-Jan-16,27 Rabi Al-Awwal 1437,Thursday,14,130
2016,8-Jan-16,28 Rabi Al-Awwal 1437,Friday,16,138
2016,9-Jan-16,29 Rabi Al-Awwal 1437,Saturday,18,138
2016,10-Jan-16,30 Rabi Al-Awwal 1437,Sunday,18,138
2016,11-Jan-16,1 Rabi Al-Thani,Monday,18,140
2016,12-Jan-16,2 Rabi Al-Thani,Tuesday,18,134
2016,13-Jan-16,3 Rabi Al-Thani,Wednesday,18,137
2016,14-Jan-16,4 Rabi Al-Thani,Thursday,18,139
2016,15-Jan-16,5 Rabi Al-Thani,Friday,18,135
2016,16-Jan-16,6 Rabi Al-Thani,Saturday,18,128
2016,17-Jan-16,7 Rabi Al-Thani,Sunday,16,123
2016,18-Jan-16,8 Rabi Al-Thani,Monday,14,123
2016,19-Jan-16,9 Rabi Al-Thani,Tuesday,12,113
2016,20-Jan-16,10 Rabi Al-Thani,Wednesday,10,110
2016,21-Jan-16,11 Rabi Al-Thani,Thursday,10,110
2016,22-Jan-16,12 Rabi Al-Thani,Friday,12,110
2016,23-Jan-16,13 Rabi Al-Thani,Saturday,12,112
2016,24-Jan-16,14 Rabi Al-Thani,Sunday,14,118
2016,25-Jan-16,15 Rabi Al-Thani,Monday,14,120
2016,26-Jan-16,16 Rabi Al-Thani,Tuesday,16,112
2016,27-Jan-16,17 Rabi Al-Thani,Wednesday,16,108
2016,28-Jan-16,18 Rabi Al-Thani,Thursday,16,112
2016,29-Jan-16,19 Rabi Al-Thani,Friday,16,110
2016,30-Jan-16,20 Rabi Al-Thani,Saturday,16,108
2016,31-Jan-16,21 Rabi Al-Thani,Sunday,14,105
2016,1-Feb-16,22 Rabi Al-Thani,Monday,14,105
2016,2-Feb-16,23 Rabi Al-Thani,Tuesday,10,98
2016,3-Feb-16,24 Rabi Al-Thani,Wednesday,10,100
2016,4-Feb-16,25 Rabi Al-Thani,Thursday,10,102
2016,5-Feb-16,26 Rabi Al-Thani,Friday,10,98
2016,6-Feb-16,27 Rabi Al-Thani,Saturday,10,98
2016,7-Feb-16,28 Rabi Al-Thani,Sunday,10,100
2016,8-Feb-16,29 Rabi Al-Thani,Monday,10,95
2016,9-Feb-16,30 Rabi Al-Thani,Tuesday,10,95
2016,10-Feb-16,1 Jumada Al-Awwal,Wednesday,10,95
2016,11-Feb-16,2 Jumada Al-Awwal,Thursday,12,95
2016,12-Feb-16,3 Jumada Al-Awwal,Friday,16,97
2016,13-Feb-16,4 Jumada Al-Awwal,Saturday,16,95
2016,14-Feb-16,5 Jumada Al-Awwal,Sunday,16,90
2016,15-Feb-16,6 Jumada Al-Awwal,Monday,16,90
2016,16-Feb-16,7 Jumada Al-Awwal,Tuesday,16,90
2016,17-Feb-16,8 Jumada Al-Awwal,Wednesday,16,92
2016,18-Feb-16,9 Jumada Al-Awwal,Thursday,18,92
2016,19-Feb-16,10 Jumada Al-Awwal,Friday,22,94
2016,20-Feb-16,11 Jumada Al-Awwal,Saturday,26,98
2016,21-Feb-16,12 Jumada Al-Awwal,Sunday,27,103
2016,22-Feb-16,13 Jumada Al-Awwal,Monday,28,105
2016,23-Feb-16,14 Jumada Al-Awwal,Tuesday,30,102
2016,24-Feb-16,15 Jumada Al-Awwal,Wednesday,32,102
2016,25-Feb-16,16 Jumada Al-Awwal,Thursday,34,102
2016,26-Feb-16,17 Jumada Al-Awwal,Friday,36,105
2016,27-Feb-16,18 Jumada Al-Awwal,Saturday,40,115
2016,28-Feb-16,19 Jumada Al-Awwal,Sunday,40,108
2016,29-Feb-16,20 Jumada Al-Awwal,Monday,40,105
2016,1-Mar-16,21 Jumada Al-Awwal,Tuesday,42,112
2016,2-Mar-16,22 Jumada Al-Awwal,Wednesday,42,122
2016,3-Mar-16,23 Jumada Al-Awwal,Thursday,44,124
2016,4-Mar-16,24 Jumada Al-Awwal,Friday,44,120
2016,5-Mar-16,25 Jumada Al-Awwal,Saturday,42,118
2016,6-Mar-16,26 Jumada Al-Awwal,Sunday,39,118
2016,7-Mar-16,27 Jumada Al-Awwal,Monday,36,125
2016,8-Mar-16,28 Jumada Al-Awwal,Tuesday,32,125
2016,9-Mar-16,29 Jumada Al-Awwal,Wednesday,34,132
2016,10-Mar-16,1 Jumada Al-Thani,Thursday,34,127
2016,11-Mar-16,2 Jumada Al-Thani,Friday,34,123
2016,12-Mar-16,3 Jumada Al-Thani,Saturday,34,128
2016,13-Mar-16,4 Jumada Al-Thani,Sunday,34,128
2016,14-Mar-16,5 Jumada Al-Thani,Monday,34,128
2016,15-Mar-16,6 Jumada Al-Thani,Tuesday,34,130
2016,16-Mar-16,7 Jumada Al-Thani,Wednesday,36,130
2016,17-Mar-16,8 Jumada Al-Thani,Thursday,36,132
2016,18-Mar-16,9 Jumada Al-Thani,Friday,38,134
2016,19-Mar-16,10 Jumada Al-Thani,Saturday,42,137
2016,20-Mar-16,11 Jumada Al-Thani,Sunday,44,146
2016,21-Mar-16,12 Jumada Al-Thani,Monday,46,155
2016,22-Mar-16,13 Jumada Al-Thani,Tuesday,48,148
2016,23-Mar-16,14 Jumada Al-Thani,Wednesday,48,146
2016,24-Mar-16,15 Jumada Al-Thani,Thursday,48,152
2016,25-Mar-16,16 Jumada Al-Thani,Friday,48,155
2016,26-Mar-16,17 Jumada Al-Thani,Saturday,48,155
2016,27-Mar-16,18 Jumada Al-Thani,Sunday,46,160
2016,28-Mar-16,19 Jumada Al-Thani,Monday,44,160
2016,29-Mar-16,20 Jumada Al-Thani,Tuesday,44,165
2016,30-Mar-16,21 Jumada Al-Thani,Wednesday,46,175
2016,31-Mar-16,22 Jumada Al-Thani,Thursday,46,180
2016,1-Apr-16,23 Jumada Al-Thani,Friday,48,165
2016,2-Apr-16,24 Jumada Al-Thani,Saturday,48,165
2016,3-Apr-16,25 Jumada Al-Thani,Sunday,46,170
2016,4-Apr-16,26 Jumada Al-Thani,Monday,46,170
2016,5-Apr-16,27 Jumada Al-Thani,Tuesday,46,155
2016,6-Apr-16,28 Jumada Al-Thani,Wednesday,48,155
2016,7-Apr-16,29 Jumada Al-Thani,Thursday,50,170
2016,8-Apr-16,1 Rajab 1437,Friday,52,165
2016,9-Apr-16,2 Rajab 1437,Saturday,52,162
2016,10-Apr-16,3 Rajab 1437,Sunday,54,165
2016,11-Apr-16,4 Rajab 1437,Monday,54,170
2016,12-Apr-16,5 Rajab 1437,Tuesday,56,175
2016,13-Apr-16,6 Rajab 1437,Wednesday,56,165
2016,14-Apr-16,7 Rajab 1437,Thursday,56,153
2016,15-Apr-16,8 Rajab 1437,Friday,54,153
2016,16-Apr-16,9 Rajab 1437,Saturday,50,155
2016,17-Apr-16,10 Rajab 1437,Sunday,50,158
2016,18-Apr-16,11 Rajab 1437,Monday,50,154
2016,19-Apr-16,12 Rajab 1437,Tuesday,50,154
2016,20-Apr-16,13 Rajab 1437,Wednesday,50,160
2016,21-Apr-16,14 Rajab 1437,Thursday,52,166
2016,22-Apr-16,15 Rajab 1437,Friday,54,166
2016,23-Apr-16,16 Rajab 1437,Saturday,54,162
2016,24-Apr-16,17 Rajab 1437,Sunday,54,157
2016,25-Apr-16,18 Rajab 1437,Monday,54,160
2016,26-Apr-16,19 Rajab 1437,Tuesday,54,163
2016,27-Apr-16,20 Rajab 1437,Wednesday,54,161
2016,28-Apr-16,21 Rajab 1437,Thursday,54,159
2016,29-Apr-16,22 Rajab 1437,Friday,54,163
2016,30-Apr-16,23 Rajab 1437,Saturday,54,159
2016,1-May-16,24 Rajab 1437,Sunday,54,153
2016,2-May-16,25 Rajab 1437,Monday,54,149
2016,3-May-16,26 Rajab 1437,Tuesday,48,149
2016,4-May-16,27 Rajab 1437,Wednesday,48,149
2016,5-May-16,28 Rajab 1437,Thursday,44,151
2016,6-May-16,29 Rajab 1437,Friday,40,151
2016,7-May-16,30 Rajab 1437,Saturday,36,138
2016,8-May-16,1 Shaban 1437,Sunday,34,141
2016,9-May-16,2 Shaban 1437,Monday,32,146
2016,10-May-16,3 Shaban 1437,Tuesday,32,146
2016,11-May-16,4 Shaban 1437,Wednesday,32,140
2016,12-May-16,5 Shaban 1437,Thursday,32,140
2016,13-May-16,6 Shaban 1437,Friday,32,145
2016,14-May-16,7 Shaban 1437,Saturday,36,145
2016,15-May-16,8 Shaban 1437,Sunday,38,148
2016,16-May-16,9 Shaban 1437,Monday,40,146
2016,17-May-16,10 Shaban 1437,Tuesday,46,150
2016,18-May-16,11 Shaban 1437,Wednesday,50,154
2016,19-May-16,12 Shaban 1437,Thursday,52,155
2016,20-May-16,13 Shaban 1437,Friday,52,149
2016,21-May-16,14 Shaban 1437,Saturday,54,142
2016,22-May-16,15 Shaban 1437,Sunday,54,145
2016,23-May-16,16 Shaban 1437,Monday,54,148
2016,24-May-16,17 Shaban 1437,Tuesday,50,145
2016,25-May-16,18 Shaban 1437,Wednesday,48,147
2016,26-May-16,19 Shaban 1437,Thursday,44,147
2016,27-May-16,20 Shaban 1437,Friday,44,150
2016,28-May-16,21 Shaban 1437,Saturday,46,155
2016,29-May-16,22 Shaban 1437,Sunday,47,155
2016,30-May-16,23 Shaban 1437,Monday,48,152
2016,31-May-16,24 Shaban 1437,Tuesday,48,152
2016,1-Jun-16,25 Shaban 1437,Wednesday,48,152
2016,2-Jun-16,26 Shaban 1437,Thursday,48,152
2016,3-Jun-16,27 Shaban 1437,Friday,44,152
2016,4-Jun-16,28 Shaban 1437,Saturday,38,145
2016,5-Jun-16,29 Shaban 1437,Sunday,38,145
2016,6-Jun-16,1 Ramadan 1437,Monday,38,150
2016,7-Jun-16,2 Ramadan 1437,Tuesday,34,150
2016,8-Jun-16,3 Ramadan 1437,Wednesday,30,147
2016,9-Jun-16,4 Ramadan 1437,Thursday,24,147
2016,10-Jun-16,5 Ramadan 1437,Friday,24,147
2016,11-Jun-16,6 Ramadan 1437,Saturday,24,147
2016,12-Jun-16,7 Ramadan 1437,Sunday,24,141
2016,13-Jun-16,8 Ramadan 1437,Monday,24,135
2016,14-Jun-16,9 Ramadan 1437,Tuesday,24,130
2016,15-Jun-16,10 Ramadan 1437,Wednesday,24,122
2016,16-Jun-16,11 Ramadan 1437,Thursday,24,113
2016,17-Jun-16,12 Ramadan 1437,Friday,22,116
2016,18-Jun-16,13 Ramadan 1437,Saturday,22,124
2016,19-Jun-16,14 Ramadan 1437,Sunday,22,130
2016,20-Jun-16,15 Ramadan 1437,Monday,22,138
2016,21-Jun-16,16 Ramadan 1437,Tuesday,24,129
2016,22-Jun-16,17 Ramadan 1437,Wednesday,24,127
2016,23-Jun-16,18 Ramadan 1437,Thursday,26,130
2016,24-Jun-16,19 Ramadan 1437,Friday,26,137
2016,25-Jun-16,20 Ramadan 1437,Saturday,22,135
2016,26-Jun-16,21 Ramadan 1437,Sunday,19,130
2016,27-Jun-16,22 Ramadan 1437,Monday,16,137
2016,28-Jun-16,23 Ramadan 1437,Tuesday,14,131
2016,29-Jun-16,24 Ramadan 1437,Wednesday,14,137
2016,30-Jun-16,25 Ramadan 1437,Thursday,12,132
2016,1-Jul-16,26 Ramadan 1437,Friday,10,130
2016,2-Jul-16,27 Ramadan 1437,Saturday,10,132
2016,3-Jul-16,28 Ramadan 1437,Sunday,10,135
2016,4-Jul-16,29 Ramadan 1437,Monday,12,142
2016,5-Jul-16,30 Ramadan 1437,Tuesday,12,147
2016,6-Jul-16,1 Shawwal 1437,Wednesday,12,148
2016,7-Jul-16,2 Shawwal 1437,Thursday,12,148
2016,8-Jul-16,3 Shawwal 1437,Friday,13,143
2016,9-Jul-16,4 Shawwal 1437,Saturday,14,134
2016,10-Jul-16,5 Shawwal 1437,Sunday,14,130
2016,11-Jul-16,6 Shawwal 1437,Monday,14,130
2016,12-Jul-16,7 Shawwal 1437,Tuesday,10,130
2016,13-Jul-16,8 Shawwal 1437,Wednesday,10,134
2016,14-Jul-16,9 Shawwal 1437,Thursday,8,131
2016,15-Jul-16,10 Shawwal 1437,Friday,8,123
2016,16-Jul-16,11 Shawwal 1437,Saturday,8,123
2016,17-Jul-16,12 Shawwal 1437,Sunday,7,114
2016,18-Jul-16,13 Shawwal 1437,Monday,6,109
2016,19-Jul-16,14 Shawwal 1437,Tuesday,6,109
2016,20-Jul-16,15 Shawwal 1437,Wednesday,12,120
2016,21-Jul-16,16 Shawwal 1437,Thursday,14,120
2016,22-Jul-16,17 Shawwal 1437,Friday,14,112
2016,23-Jul-16,18 Shawwal 1437,Saturday,12,109
2016,24-Jul-16,19 Shawwal 1437,Sunday,10,109
2016,25-Jul-16,20 Shawwal 1437,Monday,8,114
2016,26-Jul-16,21 Shawwal 1437,Tuesday,8,110
2016,27-Jul-16,22 Shawwal 1437,Wednesday,8,106
2016,28-Jul-16,23 Shawwal 1437,Thursday,8,104
2016,29-Jul-16,24 Shawwal 1437,Friday,8,101
2016,30-Jul-16,25 Shawwal 1437,Saturday,6,105
2016,31-Jul-16,26 Shawwal 1437,Sunday,6,101
2016,1-Aug-16,27 Shawwal 1437,Monday,6,105
2016,2-Aug-16,28 Shawwal 1437,Tuesday,6,103
2016,3-Aug-16,29 Shawwal 1437,Wednesday,6,103
2016,4-Aug-16,1 Dhul Qadah 1437,Thursday,8,103
2016,5-Aug-16,2 Dhul Qadah 1437,Friday,8,105
2016,6-Aug-16,3 Dhul Qadah 1437,Saturday,8,105
2016,7-Aug-16,4 Dhul Qadah 1437,Sunday,8,105
2016,8-Aug-16,5 Dhul Qadah 1437,Monday,8,105
2016,9-Aug-16,6 Dhul Qadah 1437,Tuesday,8,103
2016,10-Aug-16,7 Dhul Qadah 1437,Wednesday,6,106
2016,11-Aug-16,8 Dhul Qadah 1437,Thursday,6,108
2016,12-Aug-16,9 Dhul Qadah 1437,Friday,6,104
2016,13-Aug-16,10 Dhul Qadah 1437,Saturday,6,104
2016,14-Aug-16,11 Dhul Qadah 1437,Sunday,6,110
2016,15-Aug-16,12 Dhul Qadah 1437,Monday,6,110
2016,16-Aug-16,13 Dhul Qadah 1437,Tuesday,16,115
2016,17-Aug-16,14 Dhul Qadah 1437,Wednesday,32,125
2016,18-Aug-16,15 Dhul Qadah 1437,Thursday,32,125
2016,19-Aug-16,16 Dhul Qadah 1437,Friday,16,115
2016,20-Aug-16,17 Dhul Qadah 1437,Saturday,16,110
2016,21-Aug-16,18 Dhul Qadah 1437,Sunday,18,105
2016,22-Aug-16,19 Dhul Qadah 1437,Monday,20,113
2016,23-Aug-16,20 Dhul Qadah 1437,Tuesday,24,118
2016,24-Aug-16,21 Dhul Qadah 1437,Wednesday,26,120
2016,25-Aug-16,22 Dhul Qadah 1437,Thursday,26,110
2016,26-Aug-16,23 Dhul Qadah 1437,Friday,28,110
2016,27-Aug-16,24 Dhul Qadah 1437,Saturday,30,113
2016,28-Aug-16,25 Dhul Qadah 1437,Sunday,30,112
2016,29-Aug-16,26 Dhul Qadah 1437,Monday,30,108
2016,30-Aug-16,27 Dhul Qadah 1437,Tuesday,30,98
2016,31-Aug-16,28 Dhul Qadah 1437,Wednesday,26,98
2016,1-Sep-16,29 Dhul Qadah 1437,Thursday,26,100
2016,2-Sep-16,1 Dhul Hijjah 1437,Friday,28,105
2016,3-Sep-16,1 Dhul Hijjah 1437,Saturday,28,105
2016,4-Sep-16,3 Dhul Hijjah 1437,Sunday,28,100
2016,5-Sep-16,4 Dhul Hijjah 1437,Monday,28,100
2016,6-Sep-16,5 Dhul Hijjah 1437,Tuesday,28,100
2016,7-Sep-16,6 Dhul Hijjah 1437,Wednesday,28,100
2016,8-Sep-16,7 Dhul Hijjah 1437,Thursday,30,100
2016,9-Sep-16,8 Dhul Hijjah 1437,Friday,34,102
2016,10-Sep-16,9 Dhul Hijjah 1437,Saturday,36,105
2016,11-Sep-16,10 Dhul Hijjah 1437,Sunday,36,98
2016,12-Sep-16,10 Dhul Hijjah 1437,Monday,36,100
2016,13-Sep-16,12 Dhul Hijjah 1437,Tuesday,36,94
2016,14-Sep-16,13 Dhul Hijjah 1437,Wednesday,36,88
2016,15-Sep-16,14 Dhul Hijjah 1437,Thursday,36,100
2016,16-Sep-16,15 Dhul Hijjah 1437,Friday,38,100
2016,17-Sep-16,16 Dhul Hijjah 1437,Saturday,40,107
2016,18-Sep-16,17 Dhul Hijjah 1437,Sunday,40,110
2016,19-Sep-16,18 Dhul Hijjah 1437,Monday,40,105
2016,20-Sep-16,19 Dhul Hijjah 1437,Tuesday,40,104
2016,21-Sep-16,20 Dhul Hijjah 1437,Wednesday,40,104
2016,22-Sep-16,21 Dhul Hijjah 1437,Thursday,40,116
2016,23-Sep-16,22 Dhul Hijjah 1437,Friday,40,116
2016,24-Sep-16,23 Dhul Hijjah 1437,Saturday,40,110
2016,25-Sep-16,24 Dhul Hijjah 1437,Sunday,40,116
2016,26-Sep-16,25 Dhul Hijjah 1437,Monday,40,116
2016,27-Sep-16,26 Dhul Hijjah 1437,Tuesday,42,116
2016,28-Sep-16,27 Dhul Hijjah 1437,Wednesday,42,124
2016,29-Sep-16,28 Dhul Hijjah 1437,Thursday,44,120
2016,30-Sep-16,29 Dhul Hijjah 1437,Friday,44,120
2016,1-Oct-16,30 Dhul Hijjah 1437,Saturday,44,118
2016,2-Oct-16,1 Muharram 1438,Sunday,44,112
2016,3-Oct-16,2 Muharram 1438,Monday,44,112
2016,4-Oct-16,3 Muharram 1438,Tuesday,44,115
2016,5-Oct-16,4 Muharram 1438,Wednesday,46,125
2016,6-Oct-16,5 Muharram 1438,Thursday,46,132
2016,7-Oct-16,6 Muharram 1438,Friday,46,123
2016,8-Oct-16,7 Muharram 1438,Saturday,46,123
2016,9-Oct-16,8 Muharram 1438,Sunday,46,125
2016,10-Oct-16,9 Muharram 1438,Monday,46,128
2016,11-Oct-16,10 Muharram 1438,Tuesday,46,124
2016,12-Oct-16,11 Muharram 1438,Wednesday,46,133
2016,13-Oct-16,12 Muharram 1438,Thursday,48,135
2016,14-Oct-16,13 Muharram 1438,Friday,48,140
2016,15-Oct-16,14 Muharram 1438,Saturday,50,142
2016,16-Oct-16,15 Muharram 1438,Sunday,50,142
2016,17-Oct-16,16 Muharram 1438,Monday,50,150
2016,18-Oct-16,17 Muharram 1438,Tuesday,50,143
2016,19-Oct-16,18 Muharram 1438,Wednesday,50,146
2016,20-Oct-16,19 Muharram 1438,Thursday,50,143
2016,21-Oct-16,20 Muharram 1438,Friday,52,143
2016,22-Oct-16,21 Muharram 1438,Saturday,52,147
2016,23-Oct-16,22 Muharram 1438,Sunday,52,152
2016,24-Oct-16,23 Muharram 1438,Monday,54,158
2016,25-Oct-16,24 Muharram 1438,Tuesday,56,162
2016,26-Oct-16,25 Muharram 1438,Wednesday,56,157
2016,27-Oct-16,26 Muharram 1438,Thursday,56,147
2016,28-Oct-16,27 Muharram 1438,Friday,56,142
2016,29-Oct-16,28 Muharram 1438,Saturday,56,142
2016,30-Oct-16,29 Muharram 1438,Sunday,56,148
2016,31-Oct-16,30 Muharram 1438,Monday,56,142
2016,1-Nov-16,1 Safar 1438,Tuesday,56,142
2016,2-Nov-16,2 Safar 1438,Wednesday,56,142
2016,3-Nov-16,3 Safar 1438,Thursday,56,142
2016,4-Nov-16,4 Safar 1438,Friday,56,142
2016,5-Nov-16,5 Safar 1438,Saturday,56,138
2016,6-Nov-16,6 Safar 1438,Sunday,56,130
2016,7-Nov-16,7 Safar 1438,Monday,56,124
2016,8-Nov-16,8 Safar 1438,Tuesday,50,124
2016,9-Nov-16,9 Safar 1438,Wednesday,36,124
2016,10-Nov-16,10 Safar 1438,Thursday,36,124
2016,11-Nov-16,11 Safar 1438,Friday,36,126
2016,12-Nov-16,12 Safar 1438,Saturday,36,124
2016,13-Nov-16,13 Safar 1438,Sunday,36,124
2016,14-Nov-16,14 Safar 1438,Monday,36,124
2016,15-Nov-16,15 Safar 1438,Tuesday,36,120
2016,16-Nov-16,16 Safar 1438,Wednesday,36,124
2016,17-Nov-16,17 Safar 1438,Thursday,36,126
2016,18-Nov-16,18 Safar 1438,Friday,36,124
2016,19-Nov-16,19 Safar 1438,Saturday,36,124
2016,20-Nov-16,20 Safar 1438,Sunday,36,126
2016,21-Nov-16,21 Safar 1438,Monday,36,126
2016,22-Nov-16,22 Safar 1438,Tuesday,36,124
2016,23-Nov-16,23 Safar 1438,Wednesday,36,124
2016,24-Nov-16,24 Safar 1438,Thursday,34,120
2016,25-Nov-16,25 Safar 1438,Friday,26,117
2016,26-Nov-16,26 Safar 1438,Saturday,22,115
2016,27-Nov-16,27 Safar 1438,Sunday,22,115
2016,28-Nov-16,28 Safar 1438,Monday,22,122
2016,29-Nov-16,29 Safar 1438,Tuesday,24,124
2016,30-Nov-16,1 Rabi Al-Awwal 1438,Wednesday,26,130
2016,1-Dec-16,2 Rabi Al-Awwal 1438,Thursday,28,124
2016,2-Dec-16,3 Rabi Al-Awwal 1438,Friday,28,124
2016,3-Dec-16,4 Rabi Al-Awwal 1438,Saturday,28,121
2016,4-Dec-16,5 Rabi Al-Awwal 1438,Sunday,27,121
2016,5-Dec-16,6 Rabi Al-Awwal 1438,Monday,26,121
2016,6-Dec-16,7 Rabi Al-Awwal 1438,Tuesday,16,119
2016,7-Dec-16,8 Rabi Al-Awwal 1438,Wednesday,12,113
2016,8-Dec-16,9 Rabi Al-Awwal 1438,Thursday,12,105
2016,9-Dec-16,10 Rabi Al-Awwal 1438,Friday,12,110
2016,10-Dec-16,11 Rabi Al-Awwal 1438,Saturday,12,105
2016,11-Dec-16,12 Rabi Al-Awwal 1438,Sunday,12,105
2016,12-Dec-16,13 Rabi Al-Awwal 1438,Monday,12,105
2016,13-Dec-16,14 Rabi Al-Awwal 1438,Tuesday,10,100
2016,14-Dec-16,15 Rabi Al-Awwal 1438,Wednesday,10,95
2016,15-Dec-16,16 Rabi Al-Awwal 1438,Thursday,10,104
2016,16-Dec-16,17 Rabi Al-Awwal 1438,Friday,10,106
2016,17-Dec-16,18 Rabi Al-Awwal 1438,Saturday,12,101
2016,18-Dec-16,19 Rabi Al-Awwal 1438,Sunday,12,104
2016,19-Dec-16,20 Rabi Al-Awwal 1438,Monday,12,100
2016,20-Dec-16,21 Rabi Al-Awwal 1438,Tuesday,12,100
2016,21-Dec-16,22 Rabi Al-Awwal 1438,Wednesday,12,102
2016,22-Dec-16,23 Rabi Al-Awwal 1438,Thursday,12,100
2016,23-Dec-16,24 Rabi Al-Awwal 1438,Friday,12,100
2016,24-Dec-16,25 Rabi Al-Awwal 1438,Saturday,12,100
2016,25-Dec-16,26 Rabi Al-Awwal 1438,Sunday,10,100
2016,26-Dec-16,27 Rabi Al-Awwal 1438,Monday,8,98
2016,27-Dec-16,28 Rabi Al-Awwal 1438,Tuesday,8,98
2016,28-Dec-16,29 Rabi Al-Awwal 1438,Wednesday,8,102
2016,29-Dec-16,30 Rabi Al-Awwal 1438,Thursday,14,108
2016,30-Dec-16,1 Rabi Al-Thani,Friday,16,112
2016,31-Dec-16,2 Rabi Al-Thani,Saturday,16,105
2017,1-Jan-17,3 Rabi Al-Thani,Sunday,16,98
2017,2-Jan-17,4 Rabi Al-Thani,Monday,16,98
2017,3-Jan-17,5 Rabi Al-Thani,Tuesday,18,102
2017,4-Jan-17,6 Rabi Al-Thani,Wednesday,20,102
2017,5-Jan-17,7 Rabi Al-Thani,Thursday,22,98
2017,6-Jan-17,8 Rabi Al-Thani,Friday,26,98
2017,7-Jan-17,9 Rabi Al-Thani,Saturday,28,100
2017,8-Jan-17,10 Rabi Al-Thani,Sunday,28,105
2017,9-Jan-17,11 Rabi Al-Thani,Monday,28,105
2017,10-Jan-17,12 Rabi Al-Thani,Tuesday,30,107
2017,11-Jan-17,13 Rabi Al-Thani,Wednesday,32,115
2017,12-Jan-17,14 Rabi Al-Thani,Thursday,34,115
2017,13-Jan-17,15 Rabi Al-Thani,Friday,34,107
2017,14-Jan-17,16 Rabi Al-Thani,Saturday,34,107
2017,15-Jan-17,17 Rabi Al-Thani,Sunday,34,110
2017,16-Jan-17,18 Rabi Al-Thani,Monday,34,112
2017,17-Jan-17,19 Rabi Al-Thani,Tuesday,34,108
2017,18-Jan-17,20 Rabi Al-Thani,Wednesday,28,104
2017,19-Jan-17,21 Rabi Al-Thani,Thursday,20,100
2017,20-Jan-17,22 Rabi Al-Thani,Friday,20,109
2017,21-Jan-17,23 Rabi Al-Thani,Saturday,22,104
2017,22-Jan-17,24 Rabi Al-Thani,Sunday,23,104
2017,23-Jan-17,25 Rabi Al-Thani,Monday,24,102
2017,24-Jan-17,26 Rabi Al-Thani,Tuesday,24,102
2017,25-Jan-17,27 Rabi Al-Thani,Wednesday,26,102
2017,26-Jan-17,28 Rabi Al-Thani,Thursday,26,108
2017,27-Jan-17,29 Rabi Al-Thani,Friday,28,108
2017,28-Jan-17,30 Rabi Al-Thani,Saturday,28,106
2017,29-Jan-17,1 Jumada Al-Awwal,Sunday,29,106
2017,30-Jan-17,2 Jumada Al-Awwal,Monday,30,110
2017,31-Jan-17,3 Jumada Al-Awwal,Tuesday,30,107
2017,1-Feb-17,4 Jumada Al-Awwal,Wednesday,30,107
2017,2-Feb-17,5 Jumada Al-Awwal,Thursday,32,105
2017,3-Feb-17,6 Jumada Al-Awwal,Friday,32,110
2017,4-Feb-17,7 Jumada Al-Awwal,Saturday,34,106
2017,5-Feb-17,8 Jumada Al-Awwal,Sunday,34,106
2017,6-Feb-17,9 Jumada Al-Awwal,Monday,34,106
2017,7-Feb-17,10 Jumada Al-Awwal,Tuesday,36,112
2017,8-Feb-17,11 Jumada Al-Awwal,Wednesday,36,115
2017,9-Feb-17,12 Jumada Al-Awwal,Thursday,38,115
2017,10-Feb-17,13 Jumada Al-Awwal,Friday,40,120
2017,11-Feb-17,14 Jumada Al-Awwal,Saturday,42,120
2017,12-Feb-17,15 Jumada Al-Awwal,Sunday,43,120
2017,13-Feb-17,16 Jumada Al-Awwal,Monday,44,130
2017,14-Feb-17,17 Jumada Al-Awwal,Tuesday,44,135
2017,15-Feb-17,18 Jumada Al-Awwal,Wednesday,46,135
2017,16-Feb-17,19 Jumada Al-Awwal,Thursday,46,132
2017,17-Feb-17,20 Jumada Al-Awwal,Friday,46,127
2017,18-Feb-17,21 Jumada Al-Awwal,Saturday,40,118
2017,19-Feb-17,22 Jumada Al-Awwal,Sunday,38,122
2017,20-Feb-17,23 Jumada Al-Awwal,Monday,36,125
2017,21-Feb-17,24 Jumada Al-Awwal,Tuesday,40,132
2017,22-Feb-17,25 Jumada Al-Awwal,Wednesday,40,135
2017,23-Feb-17,26 Jumada Al-Awwal,Thursday,40,128
2017,24-Feb-17,27 Jumada Al-Awwal,Friday,36,125
2017,25-Feb-17,28 Jumada Al-Awwal,Saturday,40,130
2017,26-Feb-17,29 Jumada Al-Awwal,Sunday,40,137
2017,27-Feb-17,30 Jumada Al-Awwal,Monday,40,137
2017,28-Feb-17,1 Jumada Al-Thani,Tuesday,42,137
2017,1-Mar-17,2 Jumada Al-Thani,Wednesday,42,137
2017,2-Mar-17,3 Jumada Al-Thani,Thursday,44,137
2017,3-Mar-17,4 Jumada Al-Thani,Friday,44,137
2017,4-Mar-17,5 Jumada Al-Thani,Saturday,46,143
2017,5-Mar-17,6 Jumada Al-Thani,Sunday,46,143
2017,6-Mar-17,7 Jumada Al-Thani,Monday,46,143
2017,7-Mar-17,8 Jumada Al-Thani,Tuesday,48,145
2017,8-Mar-17,9 Jumada Al-Thani,Wednesday,48,150
2017,9-Mar-17,10 Jumada Al-Thani,Thursday,50,155
2017,10-Mar-17,11 Jumada Al-Thani,Friday,50,160
2017,11-Mar-17,12 Jumada Al-Thani,Saturday,52,148
2017,12-Mar-17,13 Jumada Al-Thani,Sunday,52,150
2017,13-Mar-17,14 Jumada Al-Thani,Monday,52,157
2017,14-Mar-17,15 Jumada Al-Thani,Tuesday,44,157
2017,15-Mar-17,16 Jumada Al-Thani,Wednesday,44,157
2017,16-Mar-17,17 Jumada Al-Thani,Thursday,46,160
2017,17-Mar-17,18 Jumada Al-Thani,Friday,46,165
2017,18-Mar-17,19 Jumada Al-Thani,Saturday,48,172
2017,19-Mar-17,20 Jumada Al-Thani,Sunday,48,175
2017,20-Mar-17,21 Jumada Al-Thani,Monday,50,177
2017,21-Mar-17,22 Jumada Al-Thani,Tuesday,50,170
2017,22-Mar-17,23 Jumada Al-Thani,Wednesday,52,175
2017,23-Mar-17,24 Jumada Al-Thani,Thursday,52,178
2017,24-Mar-17,25 Jumada Al-Thani,Friday,52,180
2017,25-Mar-17,26 Jumada Al-Thani,Saturday,52,182
2017,26-Mar-17,27 Jumada Al-Thani,Sunday,54,182
2017,27-Mar-17,28 Jumada Al-Thani,Monday,54,185
2017,28-Mar-17,29 Jumada Al-Thani,Tuesday,56,182
2017,29-Mar-17,1 Rajab 1438,Wednesday,56,173
2017,30-Mar-17,2 Rajab 1438,Thursday,56,164
2017,31-Mar-17,3 Rajab 1438,Friday,44,153
2017,1-Apr-17,4 Rajab 1438,Saturday,44,149
2017,2-Apr-17,5 Rajab 1438,Sunday,44,143
2017,3-Apr-17,6 Rajab 1438,Monday,44,145
2017,4-Apr-17,7 Rajab 1438,Tuesday,44,145
2017,5-Apr-17,8 Rajab 1438,Wednesday,44,145
2017,6-Apr-17,9 Rajab 1438,Thursday,46,150
2017,7-Apr-17,10 Rajab 1438,Friday,48,155
2017,8-Apr-17,11 Rajab 1438,Saturday,48,160
2017,9-Apr-17,12 Rajab 1438,Sunday,48,163
2017,10-Apr-17,13 Rajab 1438,Monday,50,160
2017,11-Apr-17,14 Rajab 1438,Tuesday,52,160
2017,12-Apr-17,15 Rajab 1438,Wednesday,52,160
2017,13-Apr-17,16 Rajab 1438,Thursday,52,157
2017,14-Apr-17,17 Rajab 1438,Friday,46,148
2017,15-Apr-17,18 Rajab 1438,Saturday,40,142
2017,16-Apr-17,19 Rajab 1438,Sunday,40,153
2017,17-Apr-17,20 Rajab 1438,Monday,40,155
2017,18-Apr-17,21 Rajab 1438,Tuesday,40,150
2017,19-Apr-17,22 Rajab 1438,Wednesday,40,150
2017,20-Apr-17,23 Rajab 1438,Thursday,36,154
2017,21-Apr-17,24 Rajab 1438,Friday,32,150
2017,22-Apr-17,25 Rajab 1438,Saturday,26,140
2017,23-Apr-17,26 Rajab 1438,Sunday,24,138
2017,24-Apr-17,27 Rajab 1438,Monday,22,144
2017,25-Apr-17,28 Rajab 1438,Tuesday,22,144
2017,26-Apr-17,29 Rajab 1438,Wednesday,22,136
2017,27-Apr-17,1 Shaban 1438,Thursday,20,142
2017,28-Apr-17,2 Shaban 1438,Friday,16,142
2017,29-Apr-17,3 Shaban 1438,Saturday,16,142
2017,30-Apr-17,4 Shaban 1438,Sunday,16,140
2017,1-May-17,5 Shaban 1438,Monday,16,135
2017,2-May-17,6 Shaban 1438,Tuesday,16,135
2017,3-May-17,7 Shaban 1438,Wednesday,18,137
2017,4-May-17,8 Shaban 1438,Thursday,22,137
2017,5-May-17,9 Shaban 1438,Friday,26,132
2017,6-May-17,10 Shaban 1438,Saturday,32,127
2017,7-May-17,11 Shaban 1438,Sunday,34,130
2017,8-May-17,12 Shaban 1438,Monday,36,135
2017,9-May-17,13 Shaban 1438,Tuesday,40,138
2017,10-May-17,14 Shaban 1438,Wednesday,40,143
2017,11-May-17,15 Shaban 1438,Thursday,42,145
2017,12-May-17,16 Shaban 1438,Friday,42,144
2017,13-May-17,17 Shaban 1438,Saturday,36,146
2017,14-May-17,18 Shaban 1438,Sunday,34,146
2017,15-May-17,19 Shaban 1438,Monday,32,150
2017,16-May-17,20 Shaban 1438,Tuesday,34,155
2017,17-May-17,21 Shaban 1438,Wednesday,36,155
2017,18-May-17,22 Shaban 1438,Thursday,36,152
2017,19-May-17,23 Shaban 1438,Friday,38,150
2017,20-May-17,24 Shaban 1438,Saturday,38,152
2017,21-May-17,25 Shaban 1438,Sunday,38,155
2017,22-May-17,26 Shaban 1438,Monday,38,156
2017,23-May-17,27 Shaban 1438,Tuesday,34,153
2017,24-May-17,28 Shaban 1438,Wednesday,26,153
2017,25-May-17,29 Shaban 1438,Thursday,20,153
2017,26-May-17,30 Shaban 1438,Friday,20,148
2017,27-May-17,1 Ramadan 1438,Saturday,20,144
2017,28-May-17,2 Ramadan 1438,Sunday,20,136
2017,29-May-17,3 Ramadan 1438,Monday,20,139
2017,30-May-17,4 Ramadan 1438,Tuesday,16,137
2017,31-May-17,5 Ramadan 1438,Wednesday,16,137
2017,1-Jun-17,6 Ramadan 1438,Thursday,20,135
2017,2-Jun-17,7 Ramadan 1438,Friday,22,137
2017,3-Jun-17,8 Ramadan 1438,Saturday,26,137
2017,4-Jun-17,9 Ramadan 1438,Sunday,27,133
2017,5-Jun-17,10 Ramadan 1438,Monday,28,127
2017,6-Jun-17,11 Ramadan 1438,Tuesday,24,127
2017,7-Jun-17,12 Ramadan 1438,Wednesday,18,127
2017,8-Jun-17,13 Ramadan 1438,Thursday,18,136
2017,9-Jun-17,14 Ramadan 1438,Friday,20,136
2017,10-Jun-17,15 Ramadan 1438,Saturday,20,134
2017,11-Jun-17,16 Ramadan 1438,Sunday,20,134
2017,12-Jun-17,17 Ramadan 1438,Monday,20,134
2017,13-Jun-17,18 Ramadan 1438,Tuesday,20,137
2017,14-Jun-17,19 Ramadan 1438,Wednesday,20,140
2017,15-Jun-17,20 Ramadan 1438,Thursday,22,136
2017,16-Jun-17,21 Ramadan 1438,Friday,22,133
2017,17-Jun-17,22 Ramadan 1438,Saturday,22,132
2017,18-Jun-17,23 Ramadan 1438,Sunday,22,130
2017,19-Jun-17,24 Ramadan 1438,Monday,22,137
2017,20-Jun-17,25 Ramadan 1438,Tuesday,20,137
2017,21-Jun-17,26 Ramadan 1438,Wednesday,20,137
2017,22-Jun-17,27 Ramadan 1438,Thursday,20,135
2017,23-Jun-17,28 Ramadan 1438,Friday,22,144
2017,24-Jun-17,29 Ramadan 1438,Saturday,24,156
2017,25-Jun-17,1 Shawwal 1438,Sunday,24,151
2017,26-Jun-17,2 Shawwal 1438,Monday,24,148
2017,27-Jun-17,3 Shawwal 1438,Tuesday,24,148
2017,28-Jun-17,4 Shawwal 1438,Wednesday,24,148
2017,29-Jun-17,5 Shawwal 1438,Thursday,20,133
2017,30-Jun-17,6 Shawwal 1438,Friday,16,136
2017,1-Jul-17,7 Shawwal 1438,Saturday,20,135
2017,2-Jul-17,8 Shawwal 1438,Sunday,17,136
2017,3-Jul-17,9 Shawwal 1438,Monday,14,134
2017,4-Jul-17,10 Shawwal 1438,Tuesday,16,130
2017,5-Jul-17,11 Shawwal 1438,Wednesday,20,125
2017,6-Jul-17,12 Shawwal 1438,Thursday,24,125
2017,7-Jul-17,13 Shawwal 1438,Friday,28,136
2017,8-Jul-17,14 Shawwal 1438,Saturday,30,134
2017,9-Jul-17,15 Shawwal 1438,Sunday,30,132
2017,10-Jul-17,16 Shawwal 1438,Monday,30,136
2017,11-Jul-17,17 Shawwal 1438,Tuesday,30,136
2017,12-Jul-17,18 Shawwal 1438,Wednesday,30,143
2017,13-Jul-17,19 Shawwal 1438,Thursday,32,143
2017,14-Jul-17,20 Shawwal 1438,Friday,32,140
2017,15-Jul-17,21 Shawwal 1438,Saturday,28,133
2017,16-Jul-17,22 Shawwal 1438,Sunday,28,128
2017,17-Jul-17,23 Shawwal 1438,Monday,28,130
2017,18-Jul-17,24 Shawwal 1438,Tuesday,28,129
2017,19-Jul-17,25 Shawwal 1438,Wednesday,28,129
2017,20-Jul-17,26 Shawwal 1438,Thursday,28,125
2017,21-Jul-17,27 Shawwal 1438,Friday,28,118
2017,22-Jul-17,28 Shawwal 1438,Saturday,24,118
2017,23-Jul-17,29 Shawwal 1438,Sunday,21,123
2017,24-Jul-17,1 Dhul Qadah 1438,Monday,18,124
2017,25-Jul-17,2 Dhul Qadah 1438,Tuesday,16,120
2017,26-Jul-17,3 Dhul Qadah 1438,Wednesday,14,115
2017,27-Jul-17,4 Dhul Qadah 1438,Thursday,14,116
2017,28-Jul-17,5 Dhul Qadah 1438,Friday,12,112
2017,29-Jul-17,6 Dhul Qadah 1438,Saturday,12,110
2017,30-Jul-17,7 Dhul Qadah 1438,Sunday,12,114
2017,31-Jul-17,8 Dhul Qadah 1438,Monday,14,117
2017,1-Aug-17,9 Dhul Qadah 1438,Tuesday,22,115
2017,2-Aug-17,10 Dhul Qadah 1438,Wednesday,24,115
2017,3-Aug-17,11 Dhul Qadah 1438,Thursday,24,113
2017,4-Aug-17,12 Dhul Qadah 1438,Friday,20,122
2017,5-Aug-17,13 Dhul Qadah 1438,Saturday,18,130
2017,6-Aug-17,14 Dhul Qadah 1438,Sunday,22,130
2017,7-Aug-17,15 Dhul Qadah 1438,Monday,24,132
2017,8-Aug-17,16 Dhul Qadah 1438,Tuesday,26,131
2017,9-Aug-17,17 Dhul Qadah 1438,Wednesday,28,131
2017,10-Aug-17,18 Dhul Qadah 1438,Thursday,28,136
2017,11-Aug-17,19 Dhul Qadah 1438,Friday,28,136
2017,12-Aug-17,20 Dhul Qadah 1438,Saturday,28,136
2017,13-Aug-17,21 Dhul Qadah 1438,Sunday,28,136
2017,14-Aug-17,22 Dhul Qadah 1438,Monday,28,131
2017,15-Aug-17,23 Dhul Qadah 1438,Tuesday,26,123
2017,16-Aug-17,24 Dhul Qadah 1438,Wednesday,26,126
2017,17-Aug-17,25 Dhul Qadah 1438,Thursday,26,126
2017,18-Aug-17,26 Dhul Qadah 1438,Friday,26,120
2017,19-Aug-17,27 Dhul Qadah 1438,Saturday,26,113
2017,20-Aug-17,28 Dhul Qadah 1438,Sunday,26,117
2017,21-Aug-17,29 Dhul Qadah 1438,Monday,26,117
2017,22-Aug-17,30 Dhul Qadah 1438,Tuesday,28,113
2017,23-Aug-17,1 Dhul Hijjah 1438,Wednesday,28,118
2017,24-Aug-17,2 Dhul Hijjah 1438,Thursday,32,106
2017,25-Aug-17,3 Dhul Hijjah 1438,Friday,36,102
2017,26-Aug-17,4 Dhul Hijjah 1438,Saturday,38,105
2017,27-Aug-17,5 Dhul Hijjah 1438,Sunday,38,115
2017,28-Aug-17,6 Dhul Hijjah 1438,Monday,38,104
2017,29-Aug-17,7 Dhul Hijjah 1438,Tuesday,38,97
2017,30-Aug-17,8 Dhul Hijjah 1438,Wednesday,38,100
2017,31-Aug-17,9 Dhul Hijjah 1438,Thursday,38,102
2017,1-Sep-17,10 Dhul Hijjah 1438,Friday,38,100
2017,2-Sep-17,11 Dhul Hijjah 1438,Saturday,38,110
2017,3-Sep-17,12 Dhul Hijjah 1438,Sunday,38,110
2017,4-Sep-17,13 Dhul Hijjah 1438,Monday,38,110
2017,5-Sep-17,14 Dhul Hijjah 1438,Tuesday,38,110
2017,6-Sep-17,15 Dhul Hijjah 1438,Wednesday,40,105
2017,7-Sep-17,16 Dhul Hijjah 1438,Thursday,40,97
2017,8-Sep-17,17 Dhul Hijjah 1438,Friday,40,99
2017,9-Sep-17,18 Dhul Hijjah 1438,Saturday,40,103
2017,10-Sep-17,19 Dhul Hijjah 1438,Sunday,38,105
2017,11-Sep-17,20 Dhul Hijjah 1438,Monday,36,98
2017,12-Sep-17,21 Dhul Hijjah 1438,Tuesday,32,103
2017,13-Sep-17,22 Dhul Hijjah 1438,Wednesday,28,99
2017,14-Sep-17,23 Dhul Hijjah 1438,Thursday,28,97
2017,15-Sep-17,24 Dhul Hijjah 1438,Friday,30,96
2017,16-Sep-17,25 Dhul Hijjah 1438,Saturday,32,95
2017,17-Sep-17,26 Dhul Hijjah 1438,Sunday,32,95
2017,18-Sep-17,27 Dhul Hijjah 1438,Monday,32,95
2017,19-Sep-17,28 Dhul Hijjah 1438,Tuesday,32,95
2017,20-Sep-17,29 Dhul Hijjah 1438,Wednesday,32,97
2017,21-Sep-17,1 Muharram 1439,Thursday,32,93
2017,22-Sep-17,2 Muharram 1439,Friday,32,96
2017,23-Sep-17,3 Muharram 1439,Saturday,32,97
2017,24-Sep-17,4 Muharram 1439,Sunday,70,89
2017,25-Sep-17,5 Muharram 1439,Monday,32,91
2017,26-Sep-17,6 Muharram 1439,Tuesday,32,93
2017,27-Sep-17,7 Muharram 1439,Wednesday,32,95
2017,28-Sep-17,8 Muharram 1439,Thursday,32,98
2017,29-Sep-17,9 Muharram 1439,Friday,32,91
2017,30-Sep-17,10 Muharram 1439,Saturday,32,91
2017,1-Oct-17,11 Muharram 1439,Sunday,32,100
2017,2-Oct-17,12 Muharram 1439,Monday,32,105
2017,3-Oct-17,13 Muharram 1439,Tuesday,32,100
2017,4-Oct-17,14 Muharram 1439,Wednesday,32,102
2017,5-Oct-17,15 Muharram 1439,Thursday,32,107
2017,6-Oct-17,16 Muharram 1439,Friday,34,110
2017,7-Oct-17,17 Muharram 1439,Saturday,36,116
2017,8-Oct-17,18 Muharram 1439,Sunday,36,117
2017,9-Oct-17,19 Muharram 1439,Monday,36,113
2017,10-Oct-17,20 Muharram 1439,Tuesday,36,106
2017,11-Oct-17,21 Muharram 1439,Wednesday,36,108
2017,12-Oct-17,22 Muharram 1439,Thursday,36,106
2017,13-Oct-17,23 Muharram 1439,Friday,36,101
2017,14-Oct-17,24 Muharram 1439,Saturday,36,102
2017,15-Oct-17,25 Muharram 1439,Sunday,36,102
2017,16-Oct-17,26 Muharram 1439,Monday,36,110
2017,17-Oct-17,27 Muharram 1439,Tuesday,36,110
2017,18-Oct-17,28 Muharram 1439,Wednesday,38,118
2017,19-Oct-17,29 Muharram 1439,Thursday,38,118
2017,20-Oct-17,30 Muharram 1439,Friday,38,123
2017,21-Oct-17,1 Safar 1439,Saturday,38,117
2017,22-Oct-17,2 Safar 1439,Sunday,38,112
2017,23-Oct-17,3 Safar 1439,Monday,38,112
2017,24-Oct-17,4 Safar 1439,Tuesday,38,115
2017,25-Oct-17,5 Safar 1439,Wednesday,38,115
2017,26-Oct-17,6 Safar 1439,Thursday,34,107
2017,27-Oct-17,7 Safar 1439,Friday,24,109
2017,28-Oct-17,8 Safar 1439,Saturday,24,112
2017,29-Oct-17,9 Safar 1439,Sunday,24,107
2017,30-Oct-17,10 Safar 1439,Monday,24,104
2017,31-Oct-17,11 Safar 1439,Tuesday,24,108
2017,1-Nov-17,12 Safar 1439,Wednesday,26,108
2017,2-Nov-17,13 Safar 1439,Thursday,26,112
2017,3-Nov-17,14 Safar 1439,Friday,28,106
2017,4-Nov-17,15 Safar 1439,Saturday,28,106
2017,5-Nov-17,16 Safar 1439,Sunday,28,108
2017,6-Nov-17,17 Safar 1439,Monday,28,112
2017,7-Nov-17,18 Safar 1439,Tuesday,30,116
2017,8-Nov-17,19 Safar 1439,Wednesday,30,112
2017,9-Nov-17,20 Safar 1439,Thursday,28,110
2017,10-Nov-17,21 Safar 1439,Friday,18,112
2017,11-Nov-17,22 Safar 1439,Saturday,22,112
2017,12-Nov-17,23 Safar 1439,Sunday,22,118
2017,13-Nov-17,24 Safar 1439,Monday,22,113
2017,14-Nov-17,25 Safar 1439,Tuesday,24,110
2017,15-Nov-17,26 Safar 1439,Wednesday,24,110
2017,16-Nov-17,27 Safar 1439,Thursday,26,112
2017,17-Nov-17,28 Safar 1439,Friday,26,116
2017,18-Nov-17,29 Safar 1439,Saturday,28,114
2017,19-Nov-17,1 Rabi Al-Awwal 1439,Sunday,28,116
2017,20-Nov-17,2 Rabi Al-Awwal 1439,Monday,30,122
2017,21-Nov-17,3 Rabi Al-Awwal 1439,Tuesday,34,127
2017,22-Nov-17,4 Rabi Al-Awwal 1439,Wednesday,36,135
2017,23-Nov-17,5 Rabi Al-Awwal 1439,Thursday,36,128
2017,24-Nov-17,6 Rabi Al-Awwal 1439,Friday,38,121
2017,25-Nov-17,7 Rabi Al-Awwal 1439,Saturday,38,125
2017,26-Nov-17,8 Rabi Al-Awwal 1439,Sunday,38,125
2017,27-Nov-17,9 Rabi Al-Awwal 1439,Monday,38,124
2017,28-Nov-17,10 Rabi Al-Awwal 1439,Tuesday,34,124
2017,29-Nov-17,11 Rabi Al-Awwal 1439,Wednesday,30,126
2017,30-Nov-17,12 Rabi Al-Awwal 1439,Thursday,24,123
2017,1-Dec-17,13 Rabi Al-Awwal 1439,Friday,25,122
2017,2-Dec-17,14 Rabi Al-Awwal 1439,Saturday,26,122
2017,3-Dec-17,15 Rabi Al-Awwal 1439,Sunday,26,126
2017,4-Dec-17,16 Rabi Al-Awwal 1439,Monday,26,125
2017,5-Dec-17,17 Rabi Al-Awwal 1439,Tuesday,28,122
2017,6-Dec-17,18 Rabi Al-Awwal 1439,Wednesday,32,124
2017,7-Dec-17,19 Rabi Al-Awwal 1439,Thursday,34,126
2017,8-Dec-17,20 Rabi Al-Awwal 1439,Friday,36,126
2017,9-Dec-17,21 Rabi Al-Awwal 1439,Saturday,38,126
2017,10-Dec-17,22 Rabi Al-Awwal 1439,Sunday,38,134
2017,11-Dec-17,23 Rabi Al-Awwal 1439,Monday,38,138
2017,12-Dec-17,24 Rabi Al-Awwal 1439,Tuesday,40,147
2017,13-Dec-17,25 Rabi Al-Awwal 1439,Wednesday,42,145
2017,14-Dec-17,26 Rabi Al-Awwal 1439,Thursday,44,143
2017,15-Dec-17,27 Rabi Al-Awwal 1439,Friday,44,143
2017,16-Dec-17,28 Rabi Al-Awwal 1439,Saturday,44,153
2017,17-Dec-17,29 Rabi Al-Awwal 1439,Sunday,44,157
2017,18-Dec-17,30 Rabi Al-Awwal 1439,Monday,44,157
2017,19-Dec-17,1 Rabi Al-Thani,Tuesday,44,157
2017,20-Dec-17,2 Rabi Al-Thani,Wednesday,44,163
2017,21-Dec-17,3 Rabi Al-Thani,Thursday,46,166
2017,22-Dec-17,4 Rabi Al-Thani,Friday,48,166
2017,23-Dec-17,5 Rabi Al-Thani,Saturday,48,166
2017,24-Dec-17,6 Rabi Al-Thani,Sunday,48,166
2017,25-Dec-17,7 Rabi Al-Thani,Monday,48,167
2017,26-Dec-17,8 Rabi Al-Thani,Tuesday,50,167
2017,27-Dec-17,9 Rabi Al-Thani,Wednesday,50,178
2017,28-Dec-17,10 Rabi Al-Thani,Thursday,52,183
2017,29-Dec-17,11 Rabi Al-Thani,Friday,54,188
2017,30-Dec-17,12 Rabi Al-Thani,Saturday,54,176
2017,31-Dec-17,13 Rabi Al-Thani,Sunday,54,167
2018,1-Jan-18,14 Rabi Al-Thani,Monday,54,167
2018,2-Jan-18,15 Rabi Al-Thani,Tuesday,54,167
2018,3-Jan-18,16 Rabi Al-Thani,Wednesday,54,173
2018,4-Jan-18,17 Rabi Al-Thani,Thursday,54,179
2018,5-Jan-18,18 Rabi Al-Thani,Friday,54,176
2018,6-Jan-18,19 Rabi Al-Thani,Saturday,54,172
2018,7-Jan-18,20 Rabi Al-Thani,Sunday,55,167
2018,8-Jan-18,21 Rabi Al-Thani,Monday,56,170
2018,9-Jan-18,22 Rabi Al-Thani,Tuesday,56,172
2018,10-Jan-18,23 Rabi Al-Thani,Wednesday,56,172
2018,11-Jan-18,24 Rabi Al-Thani,Thursday,56,167
2018,12-Jan-18,25 Rabi Al-Thani,Friday,56,160
2018,13-Jan-18,26 Rabi Al-Thani,Saturday,56,157
2018,14-Jan-18,27 Rabi Al-Thani,Sunday,56,149
2018,15-Jan-18,28 Rabi Al-Thani,Monday,56,137
2018,16-Jan-18,29 Rabi Al-Thani,Tuesday,44,137
2018,17-Jan-18,30 Rabi Al-Thani,Wednesday,44,146
2018,18-Jan-18,1 Jumada Al-Awwal,Thursday,46,154
2018,19-Jan-18,2 Jumada Al-Awwal,Friday,46,152
2018,20-Jan-18,3 Jumada Al-Awwal,Saturday,46,148
2018,21-Jan-18,4 Jumada Al-Awwal,Sunday,46,144
2018,22-Jan-18,5 Jumada Al-Awwal,Monday,46,145
2018,23-Jan-18,6 Jumada Al-Awwal,Tuesday,46,150
2018,24-Jan-18,7 Jumada Al-Awwal,Wednesday,48,148
2018,25-Jan-18,8 Jumada Al-Awwal,Thursday,48,148
2018,26-Jan-18,9 Jumada Al-Awwal,Friday,48,148
2018,27-Jan-18,10 Jumada Al-Awwal,Saturday,48,150
2018,28-Jan-18,11 Jumada Al-Awwal,Sunday,48,152
2018,29-Jan-18,12 Jumada Al-Awwal,Monday,48,152
2018,30-Jan-18,13 Jumada Al-Awwal,Tuesday,48,152
2018,31-Jan-18,14 Jumada Al-Awwal,Wednesday,48,143
2018,1-Feb-18,15 Jumada Al-Awwal,Thursday,48,143
2018,2-Feb-18,16 Jumada Al-Awwal,Friday,50,146
2018,3-Feb-18,17 Jumada Al-Awwal,Saturday,50,143
2018,4-Feb-18,18 Jumada Al-Awwal,Sunday,50,138
2018,5-Feb-18,19 Jumada Al-Awwal,Monday,50,143
2018,6-Feb-18,20 Jumada Al-Awwal,Tuesday,52,143
2018,7-Feb-18,21 Jumada Al-Awwal,Wednesday,52,143
2018,8-Feb-18,22 Jumada Al-Awwal,Thursday,54,145
2018,9-Feb-18,23 Jumada Al-Awwal,Friday,54,142
2018,10-Feb-18,24 Jumada Al-Awwal,Saturday,54,144
2018,11-Feb-18,25 Jumada Al-Awwal,Sunday,55,146
2018,12-Feb-18,26 Jumada Al-Awwal,Monday,56,146
2018,13-Feb-18,27 Jumada Al-Awwal,Tuesday,56,141
2018,14-Feb-18,28 Jumada Al-Awwal,Wednesday,56,141
2018,15-Feb-18,29 Jumada Al-Awwal,Thursday,56,141
2018,16-Feb-18,30 Jumada Al-Awwal,Friday,58,139
2018,17-Feb-18,1 Jumada Al-Thani,Saturday,58,142
2018,18-Feb-18,2 Jumada Al-Thani,Sunday,58,142
2018,19-Feb-18,3 Jumada Al-Thani,Monday,58,145
2018,20-Feb-18,4 Jumada Al-Thani,Tuesday,58,141
2018,21-Feb-18,5 Jumada Al-Thani,Wednesday,58,141
2018,22-Feb-18,6 Jumada Al-Thani,Thursday,58,141
2018,23-Feb-18,7 Jumada Al-Thani,Friday,58,140
2018,24-Feb-18,8 Jumada Al-Thani,Saturday,58,146
2018,25-Feb-18,9 Jumada Al-Thani,Sunday,58,152
2018,26-Feb-18,10 Jumada Al-Thani,Monday,58,151
2018,27-Feb-18,11 Jumada Al-Thani,Tuesday,58,150
2018,28-Feb-18,12 Jumada Al-Thani,Wednesday,58,150
2018,1-Mar-18,13 Jumada Al-Thani,Thursday,58,150
2018,2-Mar-18,14 Jumada Al-Thani,Friday,58,146
2018,3-Mar-18,15 Jumada Al-Thani,Saturday,58,146
2018,4-Mar-18,16 Jumada Al-Thani,Sunday,59,155
2018,5-Mar-18,17 Jumada Al-Thani,Monday,60,157
2018,6-Mar-18,18 Jumada Al-Thani,Tuesday,60,158
2018,7-Mar-18,19 Jumada Al-Thani,Wednesday,62,158
2018,8-Mar-18,20 Jumada Al-Thani,Thursday,64,171
2018,9-Mar-18,21 Jumada Al-Thani,Friday,64,167
2018,10-Mar-18,22 Jumada Al-Thani,Saturday,64,159
2018,11-Mar-18,23 Jumada Al-Thani,Sunday,64,160
2018,12-Mar-18,24 Jumada Al-Thani,Monday,64,163
2018,13-Mar-18,25 Jumada Al-Thani,Tuesday,64,161
2018,14-Mar-18,26 Jumada Al-Thani,Wednesday,64,158
2018,15-Mar-18,27 Jumada Al-Thani,Thursday,64,163
2018,16-Mar-18,28 Jumada Al-Thani,Friday,64,162
2018,17-Mar-18,29 Jumada Al-Thani,Saturday,64,158
2018,18-Mar-18,1 Rajab 1439,Sunday,64,162
2018,19-Mar-18,2 Rajab 1439,Monday,64,158
2018,20-Mar-18,3 Rajab 1439,Tuesday,64,166
2018,21-Mar-18,4 Rajab 1439,Wednesday,64,166
2018,22-Mar-18,5 Rajab 1439,Thursday,64,166
2018,23-Mar-18,6 Rajab 1439,Friday,64,166
2018,24-Mar-18,7 Rajab 1439,Saturday,64,164
2018,25-Mar-18,8 Rajab 1439,Sunday,64,158
2018,26-Mar-18,9 Rajab 1439,Monday,64,158
2018,27-Mar-18,10 Rajab 1439,Tuesday,56,158
2018,28-Mar-18,11 Rajab 1439,Wednesday,50,149
2018,29-Mar-18,12 Rajab 1439,Thursday,42,141
2018,30-Mar-18,13 Rajab 1439,Friday,42,147
2018,31-Mar-18,14 Rajab 1439,Saturday,44,150
2018,1-Apr-18,15 Rajab 1439,Sunday,44,150
2018,2-Apr-18,16 Rajab 1439,Monday,44,146
2018,3-Apr-18,17 Rajab 1439,Tuesday,44,150
2018,4-Apr-18,18 Rajab 1439,Wednesday,44,150
2018,5-Apr-18,19 Rajab 1439,Thursday,46,152
2018,6-Apr-18,20 Rajab 1439,Friday,46,151
2018,7-Apr-18,21 Rajab 1439,Saturday,46,151
2018,8-Apr-18,22 Rajab 1439,Sunday,47,152
2018,9-Apr-18,23 Rajab 1439,Monday,48,161
2018,10-Apr-18,24 Rajab 1439,Tuesday,48,163
2018,11-Apr-18,25 Rajab 1439,Wednesday,50,161
2018,12-Apr-18,26 Rajab 1439,Thursday,50,156
2018,13-Apr-18,27 Rajab 1439,Friday,50,153
2018,14-Apr-18,28 Rajab 1439,Saturday,50,159
2018,15-Apr-18,29 Rajab 1439,Sunday,46,162
2018,16-Apr-18,30 Rajab 1439,Monday,42,163
2018,17-Apr-18,1 Shaban 1439,Tuesday,38,163
2018,18-Apr-18,2 Shaban 1439,Wednesday,34,163
2018,19-Apr-18,3 Shaban 1439,Thursday,34,163
2018,20-Apr-18,4 Shaban 1439,Friday,36,161
2018,21-Apr-18,5 Shaban 1439,Saturday,38,158
2018,22-Apr-18,6 Shaban 1439,Sunday,40,156
2018,23-Apr-18,7 Shaban 1439,Monday,42,156
2018,24-Apr-18,8 Shaban 1439,Tuesday,44,160
2018,25-Apr-18,9 Shaban 1439,Wednesday,46,158
2018,26-Apr-18,10 Shaban 1439,Thursday,48,158
2018,27-Apr-18,11 Shaban 1439,Friday,50,152
2018,28-Apr-18,12 Shaban 1439,Saturday,52,148
2018,29-Apr-18,13 Shaban 1439,Sunday,52,148
2018,30-Apr-18,14 Shaban 1439,Monday,52,152
2018,1-May-18,15 Shaban 1439,Tuesday,52,152
2018,2-May-18,16 Shaban 1439,Wednesday,54,152
2018,3-May-18,17 Shaban 1439,Thursday,56,159
2018,4-May-18,18 Shaban 1439,Friday,60,163
2018,5-May-18,19 Shaban 1439,Saturday,62,168
2018,6-May-18,20 Shaban 1439,Sunday,63,177
2018,7-May-18,21 Shaban 1439,Monday,64,187
2018,8-May-18,22 Shaban 1439,Tuesday,68,181
2018,9-May-18,23 Shaban 1439,Wednesday,68,183
2018,10-May-18,24 Shaban 1439,Thursday,70,183
2018,11-May-18,25 Shaban 1439,Friday,70,183
2018,12-May-18,26 Shaban 1439,Saturday,62,184
2018,13-May-18,27 Shaban 1439,Sunday,56,184
2018,14-May-18,28 Shaban 1439,Monday,50,184
2018,15-May-18,29 Shaban 1439,Tuesday,50,187
2018,16-May-18,1 Ramadan 1439,Wednesday,52,190
2018,17-May-18,1 Ramadan 1439,Thursday,52,191
2018,18-May-18,3 Ramadan 1439,Friday,52,192
2018,19-May-18,4 Ramadan 1439,Saturday,52,192
2018,20-May-18,5 Ramadan 1439,Sunday,52,186
2018,21-May-18,6 Ramadan 1439,Monday,52,176
2018,22-May-18,7 Ramadan 1439,Tuesday,52,162
2018,23-May-18,8 Ramadan 1439,Wednesday,44,153
2018,24-May-18,9 Ramadan 1439,Thursday,44,163
2018,25-May-18,10 Ramadan 1439,Friday,46,172
2018,26-May-18,11 Ramadan 1439,Saturday,46,176
2018,27-May-18,12 Ramadan 1439,Sunday,46,167
2018,28-May-18,13 Ramadan 1439,Monday,46,161
2018,29-May-18,14 Ramadan 1439,Tuesday,48,157
2018,30-May-18,15 Ramadan 1439,Wednesday,48,162
2018,31-May-18,16 Ramadan 1439,Thursday,48,162
2018,1-Jun-18,17 Ramadan 1439,Friday,48,162
2018,2-Jun-18,18 Ramadan 1439,Saturday,48,164
2018,3-Jun-18,19 Ramadan 1439,Sunday,48,163
2018,4-Jun-18,20 Ramadan 1439,Monday,48,162
2018,5-Jun-18,21 Ramadan 1439,Tuesday,48,156
2018,6-Jun-18,22 Ramadan 1439,Wednesday,48,153
2018,7-Jun-18,23 Ramadan 1439,Thursday,48,161
2018,8-Jun-18,24 Ramadan 1439,Friday,48,161
2018,9-Jun-18,25 Ramadan 1439,Saturday,48,161
2018,10-Jun-18,26 Ramadan 1439,Sunday,48,165
2018,11-Jun-18,27 Ramadan 1439,Monday,48,170
2018,12-Jun-18,28 Ramadan 1439,Tuesday,48,173
2018,13-Jun-18,29 Ramadan 1439,Wednesday,42,177
2018,14-Jun-18,30 Ramadan 1439,Thursday,34,177
2018,15-Jun-18,1 Shawwal 1439,Friday,34,180
2018,16-Jun-18,2 Shawwal 1439,Saturday,34,183
2018,17-Jun-18,3 Shawwal 1439,Sunday,34,190
2018,18-Jun-18,4 Shawwal 1439,Monday,34,190
2018,19-Jun-18,5 Shawwal 1439,Tuesday,36,192
2018,20-Jun-18,6 Shawwal 1439,Wednesday,42,192
2018,21-Jun-18,7 Shawwal 1439,Thursday,46,198
2018,22-Jun-18,8 Shawwal 1439,Friday,48,210
2018,23-Jun-18,9 Shawwal 1439,Saturday,48,198
2018,24-Jun-18,10 Shawwal 1439,Sunday,48,180
2018,25-Jun-18,11 Shawwal 1439,Monday,48,181
2018,26-Jun-18,12 Shawwal 1439,Tuesday,48,186
2018,27-Jun-18,13 Shawwal 1439,Wednesday,48,187
2018,28-Jun-18,14 Shawwal 1439,Thursday,48,189
2018,29-Jun-18,15 Shawwal 1439,Friday,48,189
2018,30-Jun-18,16 Shawwal 1439,Saturday,48,185
2018,1-Jul-18,17 Shawwal 1439,Sunday,48,183
2018,2-Jul-18,18 Shawwal 1439,Monday,48,175
2018,3-Jul-18,19 Shawwal 1439,Tuesday,48,166
2018,4-Jul-18,20 Shawwal 1439,Wednesday,48,152
2018,5-Jul-18,21 Shawwal 1439,Thursday,48,157
2018,6-Jul-18,22 Shawwal 1439,Friday,48,151
2018,7-Jul-18,23 Shawwal 1439,Saturday,48,144
2018,8-Jul-18,24 Shawwal 1439,Sunday,48,140
2018,9-Jul-18,25 Shawwal 1439,Monday,48,139
2018,10-Jul-18,26 Shawwal 1439,Tuesday,48,142
2018,11-Jul-18,27 Shawwal 1439,Wednesday,48,137
2018,12-Jul-18,28 Shawwal 1439,Thursday,48,129
2018,13-Jul-18,29 Shawwal 1439,Friday,48,127
2018,14-Jul-18,1 Dhul Qadah 1439,Saturday,40,127
2018,15-Jul-18,2 Dhul Qadah 1439,Sunday,36,130
2018,16-Jul-18,3 Dhul Qadah 1439,Monday,32,130
2018,17-Jul-18,4 Dhul Qadah 1439,Tuesday,24,121
2018,18-Jul-18,5 Dhul Qadah 1439,Wednesday,18,117
2018,19-Jul-18,6 Dhul Qadah 1439,Thursday,18,110
2018,20-Jul-18,7 Dhul Qadah 1439,Friday,18,102
2018,21-Jul-18,8 Dhul Qadah 1439,Saturday,18,105
2018,22-Jul-18,9 Dhul Qadah 1439,Sunday,18,115
2018,23-Jul-18,10 Dhul Qadah 1439,Monday,20,116
2018,24-Jul-18,11 Dhul Qadah 1439,Tuesday,20,107
2018,25-Jul-18,12 Dhul Qadah 1439,Wednesday,20,110
2018,26-Jul-18,13 Dhul Qadah 1439,Thursday,20,115
2018,27-Jul-18,14 Dhul Qadah 1439,Friday,18,125
2018,28-Jul-18,15 Dhul Qadah 1439,Saturday,18,125
2018,29-Jul-18,16 Dhul Qadah 1439,Sunday,18,121
2018,30-Jul-18,17 Dhul Qadah 1439,Monday,18,118
2018,31-Jul-18,18 Dhul Qadah 1439,Tuesday,18,120
2018,1-Aug-18,19 Dhul Qadah 1439,Wednesday,18,115
2018,2-Aug-18,20 Dhul Qadah 1439,Thursday,18,118
2018,3-Aug-18,21 Dhul Qadah 1439,Friday,18,112
2018,4-Aug-18,22 Dhul Qadah 1439,Saturday,18,105
2018,5-Aug-18,23 Dhul Qadah 1439,Sunday,18,110
2018,6-Aug-18,24 Dhul Qadah 1439,Monday,18,108
2018,7-Aug-18,25 Dhul Qadah 1439,Tuesday,18,100
2018,8-Aug-18,26 Dhul Qadah 1439,Wednesday,18,100
2018,9-Aug-18,27 Dhul Qadah 1439,Thursday,18,103
2018,10-Aug-18,28 Dhul Qadah 1439,Friday,18,97
2018,11-Aug-18,29 Dhul Qadah 1439,Saturday,18,97
2018,12-Aug-18,1 Dhul Hijjah 1439,Sunday,18,97
2018,13-Aug-18,2 Dhul Hijjah 1439,Monday,18,94
2018,14-Aug-18,3 Dhul Hijjah 1439,Tuesday,18,88
2018,15-Aug-18,4 Dhul Hijjah 1439,Wednesday,18,91
2018,16-Aug-18,5 Dhul Hijjah 1439,Thursday,18,89
2018,17-Aug-18,6 Dhul Hijjah 1439,Friday,18,85
2018,18-Aug-18,7 Dhul Hijjah 1439,Saturday,18,90
2018,19-Aug-18,8 Dhul Hijjah 1439,Sunday,72,85
2018,20-Aug-18,9 Dhul Hijjah 1439,Monday,18,86
2018,21-Aug-18,10 Dhul Hijjah 1439,Tuesday,18,97
2018,22-Aug-18,11 Dhul Hijjah 1439,Wednesday,18,100
2018,23-Aug-18,12 Dhul Hijjah 1439,Thursday,18,100
2018,24-Aug-18,13 Dhul Hijjah 1439,Friday,18,100
2018,25-Aug-18,14 Dhul Hijjah 1439,Saturday,18,97
2018,26-Aug-18,15 Dhul Hijjah 1439,Sunday,18,89
2018,27-Aug-18,16 Dhul Hijjah 1439,Monday,18,84
2018,28-Aug-18,17 Dhul Hijjah 1439,Tuesday,18,90
2018,29-Aug-18,18 Dhul Hijjah 1439,Wednesday,20,89
2018,30-Aug-18,19 Dhul Hijjah 1439,Thursday,20,89
2018,31-Aug-18,20 Dhul Hijjah 1439,Friday,22,83
2018,1-Sep-18,21 Dhul Hijjah 1439,Saturday,22,81
2018,2-Sep-18,22 Dhul Hijjah 1439,Sunday,72,85
2018,3-Sep-18,23 Dhul Hijjah 1439,Monday,22,84
2018,4-Sep-18,24 Dhul Hijjah 1439,Tuesday,24,84
2018,5-Sep-18,25 Dhul Hijjah 1439,Wednesday,24,92
2018,6-Sep-18,26 Dhul Hijjah 1439,Thursday,26,95
2018,7-Sep-18,27 Dhul Hijjah 1439,Friday,26,100
2018,8-Sep-18,28 Dhul Hijjah 1439,Saturday,28,105
2018,9-Sep-18,29 Dhul Hijjah 1439,Sunday,28,105
2018,10-Sep-18,30 Dhul Hijjah 1439,Monday,28,95
2018,11-Sep-18,1 Muharram 1440,Tuesday,30,86
2018,12-Sep-18,2 Muharram 1440,Wednesday,30,90
2018,13-Sep-18,3 Muharram 1440,Thursday,32,97
2018,14-Sep-18,4 Muharram 1440,Friday,32,108
2018,15-Sep-18,5 Muharram 1440,Saturday,34,114
2018,16-Aug-18,5 Dhul Hijjah 1439,Sunday,34,109
2018,17-Sep-18,7 Muharram 1440,Monday,34,98
2018,18-Sep-18,8 Muharram 1440,Tuesday,36,106
2018,19-Sep-18,9 Muharram 1440,Wednesday,36,107
2018,20-Sep-18,10 Muharram 1440,Thursday,36,97
2018,21-Sep-18,11 Muharram 1440,Friday,36,110
2018,22-Sep-18,12 Muharram 1440,Saturday,38,110
2018,23-Sep-18,13 Muharram 1440,Sunday,38,105
2018,24-Sep-18,14 Muharram 1440,Monday,38,107
2018,25-Sep-18,15 Muharram 1440,Tuesday,38,110
2018,26-Sep-18,16 Muharram 1440,Wednesday,40,107
2018,27-Sep-18,17 Muharram 1440,Thursday,40,107
2018,28-Sep-18,18 Muharram 1440,Friday,40,107
2018,29-Sep-18,19 Muharram 1440,Saturday,40,112
2018,30-Sep-18,20 Muharram 1440,Sunday,41,123
2018,1-Oct-18,21 Muharram 1440,Monday,42,130
2018,2-Oct-18,22 Muharram 1440,Tuesday,44,140
2018,3-Oct-18,23 Muharram 1440,Wednesday,44,131
2018,4-Oct-18,24 Muharram 1440,Thursday,46,125
2018,5-Oct-18,25 Muharram 1440,Friday,46,134
2018,6-Oct-18,26 Muharram 1440,Saturday,48,134
2018,7-Oct-18,27 Muharram 1440,Sunday,48,134
2018,8-Oct-18,28 Muharram 1440,Monday,48,141
2018,9-Oct-18,29 Muharram 1440,Tuesday,50,156
2018,10-Oct-18,1 Safar 1440,Wednesday,52,158
2018,11-Oct-18,2 Safar 1440,Thursday,52,143
2018,12-Oct-18,3 Safar 1440,Friday,54,151
2018,13-Oct-18,4 Safar 1440,Saturday,54,151
2018,14-Oct-18,5 Safar 1440,Sunday,55,145
2018,15-Oct-18,6 Safar 1440,Monday,56,147
2018,16-Oct-18,7 Safar 1440,Tuesday,56,148
2018,17-Oct-18,8 Safar 1440,Wednesday,56,145
2018,18-Oct-18,9 Safar 1440,Thursday,56,140
2018,19-Oct-18,10 Safar 1440,Friday,56,134
2018,20-Oct-18,11 Safar 1440,Saturday,56,134
2018,21-Oct-18,12 Safar 1440,Sunday,56,140
2018,22-Oct-18,13 Safar 1440,Monday,56,135
2018,23-Oct-18,14 Safar 1440,Tuesday,56,136
2018,24-Oct-18,15 Safar 1440,Wednesday,56,140
2018,25-Oct-18,16 Safar 1440,Thursday,56,140
2018,26-Oct-18,17 Safar 1440,Friday,56,140
2018,27-Oct-18,18 Safar 1440,Saturday,56,142
2018,28-Oct-18,19 Safar 1440,Sunday,56,145
2018,29-Oct-18,20 Safar 1440,Monday,56,147
2018,30-Oct-18,21 Safar 1440,Tuesday,56,147
2018,31-Oct-18,22 Safar 1440,Wednesday,56,150
2018,1-Nov-18,23 Safar 1440,Thursday,56,150
2018,2-Nov-18,24 Safar 1440,Friday,56,156
2018,3-Nov-18,25 Safar 1440,Saturday,56,147
2018,4-Nov-18,26 Safar 1440,Sunday,56,146
2018,5-Nov-18,27 Safar 1440,Monday,56,148
2018,6-Nov-18,28 Safar 1440,Tuesday,56,156
2018,7-Nov-18,29 Safar 1440,Wednesday,58,156
2018,8-Nov-18,30 Safar 1440,Thursday,58,156
2018,9-Nov-18,1 Rabi Al-Awwal 1440,Friday,60,161
2018,10-Nov-18,2 Rabi Al-Awwal 1440,Saturday,62,171
2018,11-Nov-18,3 Rabi Al-Awwal 1440,Sunday,62,165
2018,12-Nov-18,4 Rabi Al-Awwal 1440,Monday,64,163
2018,13-Nov-18,5 Rabi Al-Awwal 1440,Tuesday,64,169
2018,14-Nov-18,6 Rabi Al-Awwal 1440,Wednesday,66,173
2018,15-Nov-18,7 Rabi Al-Awwal 1440,Thursday,68,174
2018,16-Nov-18,8 Rabi Al-Awwal 1440,Friday,68,176
2018,17-Nov-18,9 Rabi Al-Awwal 1440,Saturday,68,170
2018,18-Nov-18,10 Rabi Al-Awwal 1440,Sunday,68,170
2018,19-Nov-18,11 Rabi Al-Awwal 1440,Monday,68,176
2018,20-Nov-18,12 Rabi Al-Awwal 1440,Tuesday,70,176
2018,21-Nov-18,13 Rabi Al-Awwal 1440,Wednesday,70,172
2018,22-Nov-18,14 Rabi Al-Awwal 1440,Thursday,70,172
2018,23-Nov-18,15 Rabi Al-Awwal 1440,Friday,70,181
2018,24-Nov-18,16 Rabi Al-Awwal 1440,Saturday,70,186
2018,25-Nov-18,17 Rabi Al-Awwal 1440,Sunday,71,200
2018,26-Nov-18,18 Rabi Al-Awwal 1440,Monday,72,193
2018,27-Nov-18,19 Rabi Al-Awwal 1440,Tuesday,72,195
2018,28-Nov-18,20 Rabi Al-Awwal 1440,Wednesday,72,196
2018,29-Nov-18,21 Rabi Al-Awwal 1440,Thursday,74,193
2018,30-Nov-18,22 Rabi Al-Awwal 1440,Friday,74,182
2018,1-Dec-18,23 Rabi Al-Awwal 1440,Saturday,74,182
2018,2-Dec-18,24 Rabi Al-Awwal 1440,Sunday,74,167
2018,3-Dec-18,25 Rabi Al-Awwal 1440,Monday,74,172
2018,4-Dec-18,26 Rabi Al-Awwal 1440,Tuesday,74,167
2018,5-Dec-18,27 Rabi Al-Awwal 1440,Wednesday,66,158
2018,6-Dec-18,28 Rabi Al-Awwal 1440,Thursday,66,156
2018,7-Dec-18,29 Rabi Al-Awwal 1440,Friday,66,162
2018,8-Dec-18,1 Rabi Al-Thani,Saturday,66,165
2018,9-Dec-18,2 Rabi Al-Thani,Sunday,66,153
2018,10-Dec-18,3 Rabi Al-Thani,Monday,66,148
2018,11-Dec-18,4 Rabi Al-Thani,Tuesday,56,152
2018,12-Dec-18,5 Rabi Al-Thani,Wednesday,56,149
2018,13-Dec-18,6 Rabi Al-Thani,Thursday,56,149
2018,14-Dec-18,7 Rabi Al-Thani,Friday,56,145
2018,15-Dec-18,8 Rabi Al-Thani,Saturday,56,140
2018,16-Dec-18,9 Rabi Al-Thani,Sunday,54,130
2018,17-Dec-18,10 Rabi Al-Thani,Monday,52,140
2018,18-Dec-18,11 Rabi Al-Thani,Tuesday,46,137
2018,19-Dec-18,12 Rabi Al-Thani,Wednesday,46,137
2018,20-Dec-18,13 Rabi Al-Thani,Thursday,48,140
2018,21-Dec-18,14 Rabi Al-Thani,Friday,48,149
2018,22-Dec-18,15 Rabi Al-Thani,Saturday,48,146
2018,23-Dec-18,16 Rabi Al-Thani,Sunday,48,145
2018,24-Dec-18,17 Rabi Al-Thani,Monday,48,145
2018,25-Dec-18,18 Rabi Al-Thani,Tuesday,48,140
2018,26-Dec-18,19 Rabi Al-Thani,Wednesday,48,141
2018,27-Dec-18,20 Rabi Al-Thani,Thursday,44,146
2018,28-Dec-18,21 Rabi Al-Thani,Friday,42,138
2018,29-Dec-18,22 Rabi Al-Thani,Saturday,36,137
2018,30-Dec-18,23 Rabi Al-Thani,Sunday,36,126
2018,31-Dec-18,24 Rabi Al-Thani,Monday,36,135
2019,1-Jan-19,25 Rabi Al-Thani,Tuesday,28,124
2019,2-Jan-19,26 Rabi Al-Thani,Wednesday,24,123
2019,3-Jan-19,27 Rabi Al-Thani,Thursday,24,120
2019,4-Jan-19,28 Rabi Al-Thani,Friday,24,113
2019,5-Jan-19,29 Rabi Al-Thani,Saturday,26,116
2019,6-Jan-19,30 Rabi Al-Thani,Sunday,26,115
2019,7-Jan-19,1 Jumada Al-Awwal,Monday,26,108
2019,8-Jan-19,2 Jumada Al-Awwal,Tuesday,26,110
2019,9-Jan-19,3 Jumada Al-Awwal,Wednesday,26,115
2019,10-Jan-19,4 Jumada Al-Awwal,Thursday,28,120
2019,11-Jan-19,5 Jumada Al-Awwal,Friday,30,129
2019,12-Jan-19,6 Jumada Al-Awwal,Saturday,30,129
2019,13-Jan-19,7 Jumada Al-Awwal,Sunday,30,121
2019,14-Jan-19,8 Jumada Al-Awwal,Monday,30,120
2019,15-Jan-19,9 Jumada Al-Awwal,Tuesday,30,112
2019,16-Jan-19,10 Jumada Al-Awwal,Wednesday,30,107
2019,17-Jan-19,11 Jumada Al-Awwal,Thursday,30,110
2019,18-Jan-19,12 Jumada Al-Awwal,Friday,30,115
2019,19-Jan-19,13 Jumada Al-Awwal,Saturday,30,105
2019,20-Jan-19,14 Jumada Al-Awwal,Sunday,30,105
2019,21-Jan-19,15 Jumada Al-Awwal,Monday,30,103
2019,22-Jan-19,16 Jumada Al-Awwal,Tuesday,30,104
2019,23-Jan-19,17 Jumada Al-Awwal,Wednesday,28,100
2019,24-Jan-19,18 Jumada Al-Awwal,Thursday,28,100
2019,25-Jan-19,19 Jumada Al-Awwal,Friday,28,100
2019,26-Jan-19,20 Jumada Al-Awwal,Saturday,22,95
2019,27-Jan-19,21 Jumada Al-Awwal,Sunday,22,100
2019,28-Jan-19,22 Jumada Al-Awwal,Monday,22,110
2019,29-Jan-19,23 Jumada Al-Awwal,Tuesday,24,112
2019,30-Jan-19,24 Jumada Al-Awwal,Wednesday,30,122
2019,31-Jan-19,25 Jumada Al-Awwal,Thursday,30,120
2019,1-Feb-19,26 Jumada Al-Awwal,Friday,34,130
2019,2-Feb-19,27 Jumada Al-Awwal,Saturday,34,133
2019,3-Feb-19,28 Jumada Al-Awwal,Sunday,34,130
2019,4-Feb-19,29 Jumada Al-Awwal,Monday,34,124
2019,5-Feb-19,30 Jumada Al-Awwal,Tuesday,34,113
2019,6-Feb-19,1 Jumada Al-Thani,Wednesday,36,121
2019,7-Feb-19,2 Jumada Al-Thani,Thursday,36,121
2019,8-Feb-19,3 Jumada Al-Thani,Friday,38,122
2019,9-Feb-19,4 Jumada Al-Thani,Saturday,38,115
2019,10-Feb-19,5 Jumada Al-Thani,Sunday,39,112
2019,11-Feb-19,6 Jumada Al-Thani,Monday,40,120
2019,12-Feb-19,7 Jumada Al-Thani,Tuesday,40,123
2019,13-Feb-19,8 Jumada Al-Thani,Wednesday,42,122
2019,14-Feb-19,9 Jumada Al-Thani,Thursday,42,128
2019,15-Feb-19,10 Jumada Al-Thani,Friday,42,123
2019,16-Feb-19,11 Jumada Al-Thani,Saturday,42,120
2019,17-Feb-19,12 Jumada Al-Thani,Sunday,42,123
2019,18-Feb-19,13 Jumada Al-Thani,Monday,42,123
2019,19-Feb-19,14 Jumada Al-Thani,Tuesday,42,129
2019,20-Feb-19,15 Jumada Al-Thani,Wednesday,42,132
2019,21-Feb-19,16 Jumada Al-Thani,Thursday,44,132
2019,22-Feb-19,17 Jumada Al-Thani,Friday,44,136
2019,23-Feb-19,18 Jumada Al-Thani,Saturday,44,140
2019,24-Feb-19,19 Jumada Al-Thani,Sunday,44,137
2019,25-Feb-19,20 Jumada Al-Thani,Monday,44,133
2019,26-Feb-19,21 Jumada Al-Thani,Tuesday,44,137
2019,27-Feb-19,22 Jumada Al-Thani,Wednesday,46,145
2019,28-Feb-19,23 Jumada Al-Thani,Thursday,46,150
2019,1-Mar-19,24 Jumada Al-Thani,Friday,48,153
2019,2-Mar-19,25 Jumada Al-Thani,Saturday,48,155
2019,3-Mar-19,26 Jumada Al-Thani,Sunday,48,155
2019,4-Mar-19,27 Jumada Al-Thani,Monday,50,164
2019,5-Mar-19,28 Jumada Al-Thani,Tuesday,52,180
2019,6-Mar-19,29 Jumada Al-Thani,Wednesday,52,180
2019,7-Mar-19,30 Jumada Al-Thani,Thursday,52,165
2019,8-Mar-19,1 Rajab 1440,Friday,52,158
2019,9-Mar-19,2 Rajab 1440,Saturday,52,163
2019,10-Mar-19,3 Rajab 1440,Sunday,52,166
2019,11-Mar-19,4 Rajab 1440,Monday,52,170
2019,12-Mar-19,5 Rajab 1440,Tuesday,52,158
2019,13-Mar-19,6 Rajab 1440,Wednesday,52,158
2019,14-Mar-19,7 Rajab 1440,Thursday,52,164
2019,15-Mar-19,8 Rajab 1440,Friday,52,164
2019,16-Mar-19,9 Rajab 1440,Saturday,52,160
2019,17-Mar-19,10 Rajab 1440,Sunday,52,160
2019,18-Mar-19,11 Rajab 1440,Monday,52,164
2019,19-Mar-19,12 Rajab 1440,Tuesday,52,164
2019,20-Mar-19,13 Rajab 1440,Wednesday,52,165
2019,21-Mar-19,14 Rajab 1440,Thursday,52,168
2019,22-Mar-19,15 Rajab 1440,Friday,52,163
2019,23-Mar-19,16 Rajab 1440,Saturday,52,155
2019,24-Mar-19,17 Rajab 1440,Sunday,52,164
2019,25-Mar-19,18 Rajab 1440,Monday,52,162
2019,26-Mar-19,19 Rajab 1440,Tuesday,52,162
2019,27-Mar-19,20 Rajab 1440,Wednesday,52,165
2019,28-Mar-19,21 Rajab 1440,Thursday,52,167
2019,29-Mar-19,22 Rajab 1440,Friday,52,167
2019,30-Mar-19,23 Rajab 1440,Saturday,52,159
2019,31-Mar-19,24 Rajab 1440,Sunday,52,162
2019,1-Apr-19,25 Rajab 1440,Monday,52,161
2019,2-Apr-19,26 Rajab 1440,Tuesday,52,167
2019,3-Apr-19,27 Rajab 1440,Wednesday,52,164
2019,4-Apr-19,28 Rajab 1440,Thursday,50,161
2019,5-Apr-19,29 Rajab 1440,Friday,42,161
2019,6-Apr-19,1 Shaban 1440,Saturday,36,165
2019,7-Apr-19,2 Shaban 1440,Sunday,35,165
2019,8-Apr-19,3 Shaban 1440,Monday,34,156
2019,9-Apr-19,4 Shaban 1440,Tuesday,36,163
2019,10-Apr-19,5 Shaban 1440,Wednesday,42,165
2019,11-Apr-19,6 Shaban 1440,Thursday,46,166
2019,12-Apr-19,7 Shaban 1440,Friday,52,174
2019,13-Apr-19,8 Shaban 1440,Saturday,54,174
2019,14-Apr-19,9 Shaban 1440,Sunday,55,181
2019,15-Apr-19,10 Shaban 1440,Monday,56,185
2019,16-Apr-19,11 Shaban 1440,Tuesday,58,187
2019,17-Apr-19,12 Shaban 1440,Wednesday,60,178
2019,18-Apr-19,13 Shaban 1440,Thursday,60,178
2019,19-Apr-19,14 Shaban 1440,Friday,62,178
2019,20-Apr-19,15 Shaban 1440,Saturday,62,180
2019,21-Apr-19,16 Shaban 1440,Sunday,62,182
2019,22-Apr-19,17 Shaban 1440,Monday,62,183
2019,23-Apr-19,18 Shaban 1440,Tuesday,62,175
2019,24-Apr-19,19 Shaban 1440,Wednesday,62,169
2019,25-Apr-19,20 Shaban 1440,Thursday,62,166
2019,26-Apr-19,21 Shaban 1440,Friday,62,171
2019,27-Apr-19,22 Shaban 1440,Saturday,62,174
2019,28-Apr-19,23 Shaban 1440,Sunday,62,174
2019,29-Apr-19,24 Shaban 1440,Monday,62,174
2019,30-Apr-19,25 Shaban 1440,Tuesday,52,172
2019,1-May-19,26 Shaban 1440,Wednesday,52,168
2019,2-May-19,27 Shaban 1440,Thursday,46,170
2019,3-May-19,28 Shaban 1440,Friday,46,173
2019,4-May-19,29 Shaban 1440,Saturday,46,168
2019,5-May-19,30 Shaban 1440,Sunday,46,170
2019,6-May-19,1 Ramadan 1440,Monday,46,170
2019,7-May-19,2 Ramadan 1440,Tuesday,44,172
2019,8-May-19,3 Ramadan 1440,Wednesday,40,172
2019,9-May-19,4 Ramadan 1440,Thursday,40,176
2019,10-May-19,5 Ramadan 1440,Friday,40,175
2019,11-May-19,6 Ramadan 1440,Saturday,40,169
2019,12-May-19,7 Ramadan 1440,Sunday,40,169
2019,13-May-19,8 Ramadan 1440,Monday,40,169
2019,14-May-19,9 Ramadan 1440,Tuesday,40,162
2019,15-May-19,10 Ramadan 1440,Wednesday,40,164
2019,16-May-19,11 Ramadan 1440,Thursday,40,163
2019,17-May-19,12 Ramadan 1440,Friday,40,161
2019,18-May-19,13 Ramadan 1440,Saturday,40,161
2019,19-May-19,14 Ramadan 1440,Sunday,40,163
2019,20-May-19,15 Ramadan 1440,Monday,40,167
2019,21-May-19,16 Ramadan 1440,Tuesday,40,165
2019,22-May-19,17 Ramadan 1440,Wednesday,42,166
2019,23-May-19,18 Ramadan 1440,Thursday,42,160
2019,24-May-19,19 Ramadan 1440,Friday,42,160
2019,25-May-19,20 Ramadan 1440,Saturday,42,165
2019,26-May-19,21 Ramadan 1440,Sunday,42,167
2019,27-May-19,22 Ramadan 1440,Monday,42,172
2019,28-May-19,23 Ramadan 1440,Tuesday,42,172
2019,29-May-19,24 Ramadan 1440,Wednesday,38,175
2019,30-May-19,25 Ramadan 1440,Thursday,28,170
2019,31-May-19,26 Ramadan 1440,Friday,20,170
2019,1-Jun-19,27 Ramadan 1440,Saturday,20,172
2019,2-Jun-19,28 Ramadan 1440,Sunday,20,172
2019,3-Jun-19,29 Ramadan 1440,Monday,20,175
2019,4-Jun-19,1 Shawwal 1440,Tuesday,20,175
2019,5-Jun-19,2 Shawwal 1440,Wednesday,20,171
2019,6-Jun-19,3 Shawwal 1440,Thursday,20,168
2019,7-Jun-19,4 Shawwal 1440,Friday,20,164
2019,8-Jun-19,5 Shawwal 1440,Saturday,20,164
2019,9-Jun-19,6 Shawwal 1440,Sunday,20,160
2019,10-Jun-19,7 Shawwal 1440,Monday,20,160
2019,11-Jun-19,8 Shawwal 1440,Tuesday,14,157
2019,12-Jun-19,9 Shawwal 1440,Wednesday,12,155
2019,13-Jun-19,10 Shawwal 1440,Thursday,12,137
2019,14-Jun-19,11 Shawwal 1440,Friday,12,135
2019,15-Jun-19,12 Shawwal 1440,Saturday,10,130
2019,16-Jun-19,13 Shawwal 1440,Sunday,10,120
2019,17-Jun-19,14 Shawwal 1440,Monday,10,130
2019,18-Jun-19,15 Shawwal 1440,Tuesday,10,130
2019,19-Jun-19,16 Shawwal 1440,Wednesday,10,135
2019,20-Jun-19,17 Shawwal 1440,Thursday,10,142
2019,21-Jun-19,18 Shawwal 1440,Friday,10,135
2019,22-Jun-19,19 Shawwal 1440,Saturday,10,137
2019,23-Jun-19,20 Shawwal 1440,Sunday,10,139
2019,24-Jun-19,21 Shawwal 1440,Monday,10,129
2019,25-Jun-19,22 Shawwal 1440,Tuesday,10,123
2019,26-Jun-19,23 Shawwal 1440,Wednesday,10,125
2019,27-Jun-19,24 Shawwal 1440,Thursday,6,123
2019,28-Jun-19,25 Shawwal 1440,Friday,6,115
2019,29-Jun-19,26 Shawwal 1440,Saturday,6,115
2019,30-Jun-19,27 Shawwal 1440,Sunday,6,105
2019,1-Jul-19,28 Shawwal 1440,Monday,6,115
2019,2-Jul-19,29 Shawwal 1440,Tuesday,8,125
2019,3-Jul-19,30 Shawwal 1440,Wednesday,14,135
2019,4-Jul-19,1 Dhul Qadah 1440,Thursday,20,145
2019,5-Jul-19,2 Dhul Qadah 1440,Friday,20,143
2019,6-Jul-19,3 Dhul Qadah 1440,Saturday,20,135
2019,7-Jul-19,4 Dhul Qadah 1440,Sunday,15,135
2019,8-Jul-19,5 Dhul Qadah 1440,Monday,10,135
2019,9-Jul-19,6 Dhul Qadah 1440,Tuesday,10,135
2019,10-Jul-19,7 Dhul Qadah 1440,Wednesday,6,125
2019,11-Jul-19,8 Dhul Qadah 1440,Thursday,6,105
2019,12-Jul-19,9 Dhul Qadah 1440,Friday,8,95
2019,13-Jul-19,10 Dhul Qadah 1440,Saturday,8,100
2019,14-Jul-19,11 Dhul Qadah 1440,Sunday,12,118
2019,15-Jul-19,12 Dhul Qadah 1440,Monday,16,128
2019,16-Jul-19,13 Dhul Qadah 1440,Tuesday,18,121
2019,17-Jul-19,14 Dhul Qadah 1440,Wednesday,20,122
2019,18-Jul-19,15 Dhul Qadah 1440,Thursday,22,123
2019,19-Jul-19,16 Dhul Qadah 1440,Friday,22,125
2019,20-Jul-19,17 Dhul Qadah 1440,Saturday,24,125
2019,21-Jul-19,18 Dhul Qadah 1440,Sunday,24,125
2019,22-Jul-19,19 Dhul Qadah 1440,Monday,24,130
2019,23-Jul-19,20 Dhul Qadah 1440,Tuesday,26,125
2019,24-Jul-19,21 Dhul Qadah 1440,Wednesday,28,121
2019,25-Jul-19,22 Dhul Qadah 1440,Thursday,28,121
2019,26-Jul-19,23 Dhul Qadah 1440,Friday,30,119
2019,27-Jul-19,24 Dhul Qadah 1440,Saturday,30,122
2019,28-Jul-19,25 Dhul Qadah 1440,Sunday,31,126
2019,29-Jul-19,26 Dhul Qadah 1440,Monday,32,120
2019,30-Jul-19,27 Dhul Qadah 1440,Tuesday,32,115
2019,31-Jul-19,28 Dhul Qadah 1440,Wednesday,34,115
2019,1-Aug-19,29 Dhul Qadah 1440,Thursday,34,115
2019,2-Aug-19,1 Dhul Hijjah 1440,Friday,34,110
2019,3-Aug-19,2 Dhul Hijjah 1440,Saturday,34,115
2019,4-Aug-19,3 Dhul Hijjah 1440,Sunday,34,132
2019,5-Aug-19,4 Dhul Hijjah 1440,Monday,36,145
2019,6-Aug-19,5 Dhul Hijjah 1440,Tuesday,42,155
2019,7-Aug-19,6 Dhul Hijjah 1440,Wednesday,42,167
2019,8-Aug-19,7 Dhul Hijjah 1440,Thursday,44,165
2019,9-Aug-19,8 Dhul Hijjah 1440,Friday,46,168
2019,10-Aug-19,9 Dhul Hijjah 1440,Saturday,46,172
2019,11-Aug-19,10 Dhul Hijjah 1440,Sunday,46,185
2019,12-Aug-19,11 Dhul Hijjah 1440,Monday,46,190
2019,13-Aug-19,12 Dhul Hijjah 1440,Tuesday,46,195
2019,14-Aug-19,13 Dhul Hijjah 1440,Wednesday,46,195
2019,15-Aug-19,14 Dhul Hijjah 1440,Thursday,46,195
2019,16-Aug-19,15 Dhul Hijjah 1440,Friday,50,185
2019,17-Aug-19,16 Dhul Hijjah 1440,Saturday,52,176
2019,18-Aug-19,17 Dhul Hijjah 1440,Sunday,52,172
2019,19-Aug-19,18 Dhul Hijjah 1440,Monday,52,170
2019,20-Aug-19,19 Dhul Hijjah 1440,Tuesday,52,168
2019,21-Aug-19,20 Dhul Hijjah 1440,Wednesday,52,168
2019,22-Aug-19,21 Dhul Hijjah 1440,Thursday,52,170
2019,23-Aug-19,22 Dhul Hijjah 1440,Friday,52,165
2019,24-Aug-19,23 Dhul Hijjah 1440,Saturday,52,158
2019,25-Aug-19,24 Dhul Hijjah 1440,Sunday,50,157
2019,26-Aug-19,25 Dhul Hijjah 1440,Monday,48,159
2019,27-Aug-19,26 Dhul Hijjah 1440,Tuesday,44,162
2019,28-Aug-19,27 Dhul Hijjah 1440,Wednesday,44,165
2019,29-Aug-19,28 Dhul Hijjah 1440,Thursday,44,170
2019,30-Aug-19,29 Dhul Hijjah 1440,Friday,44,172
2019,31-Aug-19,1 Muharram 1441,Saturday,44,165
2019,1-Sep-19,2 Muharram 1441,Sunday,44,165
2019,2-Sep-19,3 Muharram 1441,Monday,44,153
2019,3-Sep-19,4 Muharram 1441,Tuesday,44,158
2019,4-Sep-19,5 Muharram 1441,Wednesday,44,167
2019,5-Sep-19,6 Muharram 1441,Thursday,46,167
2019,6-Sep-19,7 Muharram 1441,Friday,46,160
2019,7-Sep-19,8 Muharram 1441,Saturday,46,160
2019,8-Sep-19,9 Muharram 1441,Sunday,46,166
2019,9-Sep-19,10 Muharram 1441,Monday,46,170
2019,10-Sep-19,11 Muharram 1441,Tuesday,46,172
2019,11-Sep-19,12 Muharram 1441,Wednesday,48,172
2019,12-Sep-19,13 Muharram 1441,Thursday,50,172
2019,13-Sep-19,14 Muharram 1441,Friday,54,182
2019,14-Sep-19,15 Muharram 1441,Saturday,54,193
2019,15-Sep-19,16 Muharram 1441,Sunday,56,187
2019,16-Sep-19,17 Muharram 1441,Monday,58,190
2019,17-Sep-19,18 Muharram 1441,Tuesday,58,190
2019,18-Sep-19,19 Muharram 1441,Wednesday,60,192
2019,19-Sep-19,20 Muharram 1441,Thursday,60,192
2019,20-Sep-19,21 Muharram 1441,Friday,60,200
2019,21-Sep-19,22 Muharram 1441,Saturday,60,200
2019,22-Sep-19,23 Muharram 1441,Sunday,62,210
2019,23-Sep-19,24 Muharram 1441,Monday,64,212
2019,24-Sep-19,25 Muharram 1441,Tuesday,66,215
2019,25-Sep-19,26 Muharram 1441,Wednesday,66,195
2019,26-Sep-19,27 Muharram 1441,Thursday,66,180
2019,27-Sep-19,28 Muharram 1441,Friday,56,165
2019,28-Sep-19,29 Muharram 1441,Saturday,58,175
2019,29-Sep-19,30 Muharram 1441,Sunday,58,182
2019,30-Sep-19,1 Safar 1441,Monday,58,180
2019,1-Oct-19,2 Safar 1441,Tuesday,56,172
2019,2-Oct-19,3 Safar 1441,Wednesday,52,160
2019,3-Oct-19,4 Safar 1441,Thursday,52,167
2019,4-Oct-19,5 Safar 1441,Friday,52,162
2019,5-Oct-19,6 Safar 1441,Saturday,52,156
2019,6-Oct-19,7 Safar 1441,Sunday,49,141
2019,7-Oct-19,8 Safar 1441,Monday,46,150
2019,8-Oct-19,9 Safar 1441,Tuesday,36,140
2019,9-Oct-19,10 Safar 1441,Wednesday,32,135
2019,10-Oct-19,11 Safar 1441,Thursday,32,142
2019,11-Oct-19,12 Safar 1441,Friday,32,142
2019,12-Oct-19,13 Safar 1441,Saturday,34,145
2019,13-Oct-19,14 Safar 1441,Sunday,34,150
2019,14-Oct-19,15 Safar 1441,Monday,34,140
2019,15-Oct-19,16 Safar 1441,Tuesday,36,137
2019,16-Oct-19,17 Safar 1441,Wednesday,38,150
2019,17-Oct-19,18 Safar 1441,Thursday,38,150
2019,18-Oct-19,19 Safar 1441,Friday,40,142
2019,19-Oct-19,20 Safar 1441,Saturday,42,150
2019,20-Oct-19,21 Safar 1441,Sunday,42,148
2019,21-Oct-19,22 Safar 1441,Monday,42,145
2019,22-Oct-19,23 Safar 1441,Tuesday,42,145
2019,23-Oct-19,24 Safar 1441,Wednesday,42,150
2019,24-Oct-19,25 Safar 1441,Thursday,42,148
2019,25-Oct-19,26 Safar 1441,Friday,42,145
2019,26-Oct-19,27 Safar 1441,Saturday,36,145
2019,27-Oct-19,28 Safar 1441,Sunday,32,145
2019,28-Oct-19,29 Safar 1441,Monday,28,152
2019,29-Oct-19,1 Rabi Al-Awwal 1441,Tuesday,32,155
2019,30-Oct-19,2 Rabi Al-Awwal 1441,Wednesday,34,162
2019,31-Oct-19,3 Rabi Al-Awwal 1441,Thursday,36,157
2019,1-Nov-19,4 Rabi Al-Awwal 1441,Friday,38,153
2019,2-Nov-19,5 Rabi Al-Awwal 1441,Saturday,38,151
2019,3-Nov-19,6 Rabi Al-Awwal 1441,Sunday,38,152
2019,4-Nov-19,7 Rabi Al-Awwal 1441,Monday,38,156
2019,5-Nov-19,8 Rabi Al-Awwal 1441,Tuesday,38,158
2019,6-Nov-19,9 Rabi Al-Awwal 1441,Wednesday,34,153
2019,7-Nov-19,10 Rabi Al-Awwal 1441,Thursday,32,148
2019,8-Nov-19,11 Rabi Al-Awwal 1441,Friday,28,151
2019,9-Nov-19,12 Rabi Al-Awwal 1441,Saturday,24,151
2019,10-Nov-19,13 Rabi Al-Awwal 1441,Sunday,24,152
2019,11-Nov-19,14 Rabi Al-Awwal 1441,Monday,24,148
2019,12-Nov-19,15 Rabi Al-Awwal 1441,Tuesday,24,148
2019,13-Nov-19,16 Rabi Al-Awwal 1441,Wednesday,24,148
2019,14-Nov-19,17 Rabi Al-Awwal 1441,Thursday,26,143
2019,15-Nov-19,18 Rabi Al-Awwal 1441,Friday,26,143
2019,16-Nov-19,19 Rabi Al-Awwal 1441,Saturday,30,147
2019,17-Nov-19,20 Rabi Al-Awwal 1441,Sunday,30,148
2019,18-Nov-19,21 Rabi Al-Awwal 1441,Monday,30,143
2019,19-Nov-19,22 Rabi Al-Awwal 1441,Tuesday,32,144
2019,20-Nov-19,23 Rabi Al-Awwal 1441,Wednesday,32,146
2019,21-Nov-19,24 Rabi Al-Awwal 1441,Thursday,34,143
2019,22-Nov-19,25 Rabi Al-Awwal 1441,Friday,34,137
2019,23-Nov-19,26 Rabi Al-Awwal 1441,Saturday,30,140
2019,24-Nov-19,27 Rabi Al-Awwal 1441,Sunday,26,135
2019,25-Nov-19,28 Rabi Al-Awwal 1441,Monday,24,134
2019,26-Nov-19,29 Rabi Al-Awwal 1441,Tuesday,20,137
2019,27-Nov-19,30 Rabi Al-Awwal 1441,Wednesday,16,137
2019,28-Nov-19,1 Rabi Al-Thani,Thursday,18,133
2019,29-Nov-19,2 Rabi Al-Thani,Friday,20,129
2019,30-Nov-19,3 Rabi Al-Thani,Saturday,20,123
2019,1-Dec-19,4 Rabi Al-Thani,Sunday,18,125
2019,2-Dec-19,5 Rabi Al-Thani,Monday,16,125
2019,3-Dec-19,6 Rabi Al-Thani,Tuesday,16,124
2019,4-Dec-19,7 Rabi Al-Thani,Wednesday,16,123
2019,5-Dec-19,8 Rabi Al-Thani,Thursday,16,123
2019,6-Dec-19,9 Rabi Al-Thani,Friday,26,120
2019,7-Dec-19,10 Rabi Al-Thani,Saturday,26,125
2019,8-Dec-19,11 Rabi Al-Thani,Sunday,26,127
2019,9-Dec-19,12 Rabi Al-Thani,Monday,26,132
2019,10-Dec-19,13 Rabi Al-Thani,Tuesday,26,132
2019,11-Dec-19,14 Rabi Al-Thani,Wednesday,26,128
2019,12-Dec-19,15 Rabi Al-Thani,Thursday,26,120
2019,13-Dec-19,16 Rabi Al-Thani,Friday,26,127
2019,14-Dec-19,17 Rabi Al-Thani,Saturday,26,127
2019,15-Dec-19,18 Rabi Al-Thani,Sunday,26,122
2019,16-Dec-19,19 Rabi Al-Thani,Monday,26,118
2019,17-Dec-19,20 Rabi Al-Thani,Tuesday,14,115
2019,18-Dec-19,21 Rabi Al-Thani,Wednesday,16,123
2019,19-Dec-19,22 Rabi Al-Thani,Thursday,22,130
2019,20-Dec-19,23 Rabi Al-Thani,Friday,26,142
2019,21-Dec-19,24 Rabi Al-Thani,Saturday,32,147
2019,22-Dec-19,25 Rabi Al-Thani,Sunday,32,147
2019,23-Dec-19,26 Rabi Al-Thani,Monday,32,139
2019,24-Dec-19,27 Rabi Al-Thani,Tuesday,26,130
2019,25-Dec-19,28 Rabi Al-Thani,Wednesday,26,138
2019,26-Dec-19,29 Rabi Al-Thani,Thursday,26,150
2019,27-Dec-19,1 Jumada Al-Awwal,Friday,26,150
2019,28-Dec-19,2 Jumada Al-Awwal,Saturday,26,142
2019,29-Dec-19,3 Jumada Al-Awwal,Sunday,22,145
2019,30-Dec-19,4 Jumada Al-Awwal,Monday,16,142
2019,31-Dec-19,5 Jumada Al-Awwal,Tuesday,16,142
2020,1-Jan-20,6 Jumada Al-Awwal,Wednesday,18,150
2020,2-Jan-20,7 Jumada Al-Awwal,Thursday,18,140
2020,3-Jan-20,8 Jumada Al-Awwal,Friday,14,143
2020,4-Jan-20,9 Jumada Al-Awwal,Saturday,14,137
2020,5-Jan-19,29 Rabi Al-Thani,Sunday,14,135
2020,6-Jan-20,11 Jumada Al-Awwal,Monday,14,138
2020,7-Jan-20,12 Jumada Al-Awwal,Tuesday,14,142
2020,8-Jan-20,13 Jumada Al-Awwal,Wednesday,16,145
2020,9-Jan-20,14 Jumada Al-Awwal,Thursday,20,145
2020,10-Jan-20,15 Jumada Al-Awwal,Friday,22,145
2020,11-Jan-20,16 Jumada Al-Awwal,Saturday,24,150
2020,12-Jan-19,6 Jumada Al-Awwal,Sunday,24,150
2020,13-Jan-20,18 Jumada Al-Awwal,Monday,26,152
2020,14-Jan-20,19 Jumada Al-Awwal,Tuesday,28,157
2020,15-Jan-20,20 Jumada Al-Awwal,Wednesday,32,157
2020,16-Jan-20,21 Jumada Al-Awwal,Thursday,32,158
2020,17-Jan-20,22 Jumada Al-Awwal,Friday,32,150
2020,18-Jan-20,23 Jumada Al-Awwal,Saturday,24,140
2020,19-Jan-19,13 Jumada Al-Awwal,Sunday,28,150
2020,20-Jan-20,25 Jumada Al-Awwal,Monday,32,167
2020,21-Jan-20,26 Jumada Al-Awwal,Tuesday,32,170
2020,22-Jan-20,27 Jumada Al-Awwal,Wednesday,22,165
2020,23-Jan-20,28 Jumada Al-Awwal,Thursday,22,162
2020,24-Jan-20,29 Jumada Al-Awwal,Friday,24,166
2020,25-Jan-20,30 Jumada Al-Awwal,Saturday,26,170
2020,26-Jan-19,20 Jumada Al-Awwal,Sunday,28,177
2020,27-Jan-20,2 Jumada Al-Thani,Monday,28,168
2020,28-Jan-20,3 Jumada Al-Thani,Tuesday,30,168
2020,29-Jan-20,4 Jumada Al-Thani,Wednesday,30,161
2020,30-Jan-20,5 Jumada Al-Thani,Thursday,32,167
2020,31-Jan-20,6 Jumada Al-Thani,Friday,32,175
2020,1-Feb-20,7 Jumada Al-Thani,Saturday,34,170
2020,2-Feb-20,8 Jumada Al-Thani,Sunday,34,164
2020,3-Feb-20,9 Jumada Al-Thani,Monday,34,166
2020,4-Feb-20,10 Jumada Al-Thani,Tuesday,36,166
2020,5-Feb-20,11 Jumada Al-Thani,Wednesday,36,166
2020,6-Feb-20,12 Jumada Al-Thani,Thursday,36,167
2020,7-Feb-20,13 Jumada Al-Thani,Friday,38,167
2020,8-Feb-20,14 Jumada Al-Thani,Saturday,38,170
2020,9-Feb-20,15 Jumada Al-Thani,Sunday,38,157
2020,10-Feb-20,16 Jumada Al-Thani,Monday,38,164
2020,11-Feb-20,17 Jumada Al-Thani,Tuesday,34,160
2020,12-Feb-20,18 Jumada Al-Thani,Wednesday,34,164
2020,13-Feb-20,19 Jumada Al-Thani,Thursday,34,157
2020,14-Feb-20,20 Jumada Al-Thani,Friday,34,157
2020,15-Feb-20,21 Jumada Al-Thani,Saturday,34,154
2020,16-Feb-20,22 Jumada Al-Thani,Sunday,34,150
2020,17-Feb-20,23 Jumada Al-Thani,Monday,34,154
2020,18-Feb-20,24 Jumada Al-Thani,Tuesday,34,154
2020,19-Feb-20,25 Jumada Al-Thani,Wednesday,34,150
2020,20-Feb-20,26 Jumada Al-Thani,Thursday,34,150
2020,21-Feb-20,27 Jumada Al-Thani,Friday,34,148
2020,22-Feb-20,28 Jumada Al-Thani,Saturday,34,148
2020,23-Feb-20,29 Jumada Al-Thani,Sunday,34,150
2020,24-Feb-20,30 Jumada Al-Thani,Monday,34,152
2020,25-Feb-20,1 Rajab 1441,Tuesday,34,142
2020,26-Feb-20,2 Rajab 1441,Wednesday,34,142
2020,27-Feb-20,3 Rajab 1441,Thursday,34,137
2020,28-Feb-20,4 Rajab 1441,Friday,32,142
2020,29-Feb-20,5 Rajab 1441,Saturday,28,142
2020,1-Mar-20,6 Rajab 1441,Sunday,28,135
2020,2-Mar-20,7 Rajab 1441,Monday,26,130
2020,3-Mar-20,8 Rajab 1441,Tuesday,24,140
2020,4-Mar-20,9 Rajab 1441,Wednesday,24,140
2020,5-Mar-20,10 Rajab 1441,Thursday,28,142
2020,6-Mar-20,11 Rajab 1441,Friday,32,147
2020,7-Mar-20,12 Rajab 1441,Saturday,32,147
2020,8-Mar-20,13 Rajab 1441,Sunday,32,147
2020,9-Mar-20,14 Rajab 1441,Monday,32,147
2020,10-Mar-20,15 Rajab 1441,Tuesday,28,145
2020,11-Mar-20,16 Rajab 1441,Wednesday,30,154
2020,12-Mar-20,17 Rajab 1441,Thursday,32,162
2020,13-Mar-20,18 Rajab 1441,Friday,32,165
2020,14-Mar-20,19 Rajab 1441,Saturday,26,157
2020,15-Mar-20,20 Rajab 1441,Sunday,23,140
2020,16-Mar-20,21 Rajab 1441,Monday,20,148
2020,17-Mar-20,22 Rajab 1441,Tuesday,14,148
2020,18-Mar-20,23 Rajab 1441,Wednesday,10,140
2020,19-Mar-20,24 Rajab 1441,Thursday,10,135
2020,20-Mar-20,25 Rajab 1441,Friday,10,140
2020,21-Mar-20,26 Rajab 1441,Saturday,10,145
2020,22-Mar-20,27 Rajab 1441,Sunday,10,148
2020,23-Mar-20,28 Rajab 1441,Monday,10,145
2020,24-Mar-20,29 Rajab 1441,Tuesday,10,128
2020,25-Mar-20,1 Shaban 1441,Wednesday,6,113
2020,26-Mar-20,2 Shaban 1441,Thursday,6,102
2020,27-Mar-20,3 Shaban 1441,Friday,6,105
2020,28-Mar-20,4 Shaban 1441,Saturday,8,115
2020,29-Mar-20,5 Shaban 1441,Sunday,10,122
2020,30-Mar-20,6 Shaban 1441,Monday,14,140
2020,31-Mar-20,7 Shaban 1441,Tuesday,14,118
2020,1-Apr-20,8 Shaban 1441,Wednesday,16,100
2020,2-Apr-20,9 Shaban 1441,Thursday,16,110
2020,3-Apr-20,10 Shaban 1441,Friday,16,120
2020,4-Apr-20,11 Shaban 1441,Saturday,16,120
2020,5-Apr-20,12 Shaban 1441,Sunday,16,115
2020,6-Apr-20,13 Shaban 1441,Monday,16,105
2020,7-Apr-20,14 Shaban 1441,Tuesday,12,114
2020,8-Apr-20,15 Shaban 1441,Wednesday,12,112
2020,9-Apr-20,16 Shaban 1441,Thursday,12,110
2020,10-Apr-20,17 Shaban 1441,Friday,12,110
2020,11-Apr-20,18 Shaban 1441,Saturday,6,112
2020,12-Apr-20,19 Shaban 1441,Sunday,9,115
2020,13-Apr-20,20 Shaban 1441,Monday,12,126
2020,14-Apr-20,21 Shaban 1441,Tuesday,20,132
2020,15-Apr-20,22 Shaban 1441,Wednesday,22,134
2020,16-Apr-20,23 Shaban 1441,Thursday,22,124
2020,17-Apr-20,24 Shaban 1441,Friday,22,126
2020,18-Apr-20,25 Shaban 1441,Saturday,22,134
2020,19-Apr-20,26 Shaban 1441,Sunday,22,142
2020,20-Apr-20,27 Shaban 1441,Monday,22,138
2020,21-Apr-20,28 Shaban 1441,Tuesday,22,127
2020,22-Apr-20,29 Shaban 1441,Wednesday,18,127
2020,23-Apr-20,30 Shaban 1441,Thursday,18,134
2020,24-Apr-20,1 Ramadan 1441,Friday,22,143
2020,25-Apr-20,2 Ramadan 1441,Saturday,22,145
2020,26-Apr-20,3 Ramadan 1441,Sunday,18,138
2020,27-Apr-20,4 Ramadan 1441,Monday,14,132
2020,28-Apr-20,5 Ramadan 1441,Tuesday,10,138
2020,29-Apr-20,6 Ramadan 1441,Wednesday,12,140
2020,30-Apr-20,7 Ramadan 1441,Thursday,16,145
2020,1-May-20,8 Ramadan 1441,Friday,18,148
2020,2-May-20,9 Ramadan 1441,Saturday,20,148
2020,3-May-20,10 Ramadan 1441,Sunday,26,160
2020,4-May-20,11 Ramadan 1441,Monday,32,177
2020,5-May-20,12 Ramadan 1441,Tuesday,34,177
2020,6-May-20,13 Ramadan 1441,Wednesday,34,177
2020,7-May-20,14 Ramadan 1441,Thursday,36,185
2020,8-May-20,15 Ramadan 1441,Friday,36,194
2020,9-May-20,16 Ramadan 1441,Saturday,38,204
2020,10-May-20,17 Ramadan 1441,Sunday,38,200
2020,11-May-20,18 Ramadan 1441,Monday,38,190
2020,12-May-20,19 Ramadan 1441,Tuesday,34,175
2020,13-May-20,20 Ramadan 1441,Wednesday,30,180
2020,14-May-20,21 Ramadan 1441,Thursday,32,188
2020,15-May-20,22 Ramadan 1441,Friday,34,188
2020,16-May-20,23 Ramadan 1441,Saturday,34,192
2020,17-May-20,24 Ramadan 1441,Sunday,34,192
2020,18-May-20,25 Ramadan 1441,Monday,34,185
2020,19-May-20,26 Ramadan 1441,Tuesday,34,190
2020,20-May-20,27 Ramadan 1441,Wednesday,40,200
2020,21-May-20,28 Ramadan 1441,Thursday,42,200
2020,22-May-20,29 Ramadan 1441,Friday,42,210
2020,23-May-20,30 Ramadan 1441,Saturday,42,220
2020,24-May-20,1 Shawwal 1441,Sunday,42,220
2020,25-May-20,2 Shawwal 1441,Monday,42,216
2020,26-May-20,3 Shawwal 1441,Tuesday,42,212
2020,27-May-20,4 Shawwal 1441,Wednesday,42,212
2020,28-May-20,5 Shawwal 1441,Thursday,42,217
2020,29-May-20,6 Shawwal 1441,Friday,44,222
2020,30-May-20,7 Shawwal 1441,Saturday,44,217
2020,31-May-20,8 Shawwal 1441,Sunday,44,217
2020,1-Jun-20,9 Shawwal 1441,Monday,44,210
2020,2-Jun-20,10 Shawwal 1441,Tuesday,46,210
2020,3-Jun-20,11 Shawwal 1441,Wednesday,46,207
2020,4-Jun-20,12 Shawwal 1441,Thursday,48,207
2020,5-Jun-20,13 Shawwal 1441,Friday,48,212
2020,6-Jun-20,14 Shawwal 1441,Saturday,48,205
2020,7-Jun-20,15 Shawwal 1441,Sunday,48,187
2020,8-Jun-20,16 Shawwal 1441,Monday,48,175
2020,9-Jun-20,17 Shawwal 1441,Tuesday,38,170
2020,10-Jun-20,18 Shawwal 1441,Wednesday,40,174
2020,11-Jun-20,19 Shawwal 1441,Thursday,42,168
2020,12-Jun-20,20 Shawwal 1441,Friday,44,175
2020,13-Jun-20,21 Shawwal 1441,Saturday,44,175
2020,14-Jun-20,22 Shawwal 1441,Sunday,45,177
2020,15-Jun-20,23 Shawwal 1441,Monday,46,183
2020,16-Jun-20,24 Shawwal 1441,Tuesday,46,187
2020,17-Jun-20,25 Shawwal 1441,Wednesday,48,190
2020,18-Jun-20,26 Shawwal 1441,Thursday,48,182
2020,19-Jun-20,27 Shawwal 1441,Friday,48,177
2020,20-Jun-20,28 Shawwal 1441,Saturday,42,172
2020,21-Jun-20,29 Shawwal 1441,Sunday,42,182
2020,22-Jun-20,1 Dhul Qadah 1441,Monday,44,187
2020,23-Jun-20,2 Dhul Qadah 1441,Tuesday,44,177
2020,24-Jun-20,3 Dhul Qadah 1441,Wednesday,40,174
2020,25-Jun-20,4 Dhul Qadah 1441,Thursday,34,170
2020,26-Jun-20,5 Dhul Qadah 1441,Friday,28,165
2020,27-Jun-20,6 Dhul Qadah 1441,Saturday,24,172
2020,28-Jun-20,7 Dhul Qadah 1441,Sunday,24,177
2020,29-Jun-20,8 Dhul Qadah 1441,Monday,24,172
2020,30-Jun-20,9 Dhul Qadah 1441,Tuesday,24,165
2020,1-Jul-20,10 Dhul Qadah 1441,Wednesday,24,169
2020,2-Jul-20,11 Dhul Qadah 1441,Thursday,26,179
2020,3-Jul-20,12 Dhul Qadah 1441,Friday,28,182
2020,4-Jul-20,13 Dhul Qadah 1441,Saturday,28,179
2020,5-Jul-20,14 Dhul Qadah 1441,Sunday,29,180
2020,6-Jul-20,15 Dhul Qadah 1441,Monday,30,192
2020,7-Jul-20,16 Dhul Qadah 1441,Tuesday,34,192
2020,8-Jul-20,17 Dhul Qadah 1441,Wednesday,34,190
2020,9-Jul-20,18 Dhul Qadah 1441,Thursday,36,178
2020,10-Jul-20,19 Dhul Qadah 1441,Friday,32,182
2020,11-Jul-20,20 Dhul Qadah 1441,Saturday,26,180
2020,12-Jul-20,21 Dhul Qadah 1441,Sunday,28,182
2020,13-Jul-20,22 Dhul Qadah 1441,Monday,28,187
2020,14-Jul-20,23 Dhul Qadah 1441,Tuesday,30,190
2020,15-Jul-20,24 Dhul Qadah 1441,Wednesday,32,190
2020,16-Jul-20,25 Dhul Qadah 1441,Thursday,32,183
2020,17-Jul-20,26 Dhul Qadah 1441,Friday,28,180
2020,18-Jul-20,27 Dhul Qadah 1441,Saturday,28,182
2020,19-Jul-20,28 Dhul Qadah 1441,Sunday,28,187
2020,20-Jul-20,29 Dhul Qadah 1441,Monday,28,175
2020,21-Jul-20,30 Dhul Qadah 1441,Tuesday,26,166
2020,22-Jul-20,1 Dhul Hijjah 1441,Wednesday,26,168
2020,23-Jul-20,2 Dhul Hijjah 1441,Thursday,26,168
2020,24-Jul-20,3 Dhul Hijjah 1441,Friday,28,177
2020,25-Jul-20,4 Dhul Hijjah 1441,Saturday,30,170
2020,26-Jul-20,5 Dhul Hijjah 1441,Sunday,30,165
2020,27-Jul-20,6 Dhul Hijjah 1441,Monday,30,165
2020,28-Jul-20,7 Dhul Hijjah 1441,Tuesday,30,157
2020,29-Jul-20,8 Dhul Hijjah 1441,Wednesday,30,150
2020,30-Jul-20,9 Dhul Hijjah 1441,Thursday,30,150
2020,31-Jul-20,10 Dhul Hijjah 1441,Friday,30,155
2020,1-Aug-20,11 Dhul Hijjah 1441,Saturday,30,155
2020,2-Aug-20,12 Dhul Hijjah 1441,Sunday,30,155
2020,3-Aug-20,13 Dhul Hijjah 1441,Monday,30,155
2020,4-Aug-20,14 Dhul Hijjah 1441,Tuesday,30,155
2020,5-Aug-20,15 Dhul Hijjah 1441,Wednesday,26,132
2020,6-Aug-20,16 Dhul Hijjah 1441,Thursday,22,132
2020,7-Aug-20,17 Dhul Hijjah 1441,Friday,20,130
2020,8-Aug-20,18 Dhul Hijjah 1441,Saturday,26,145
2020,9-Aug-20,19 Dhul Hijjah 1441,Sunday,27,145
2020,10-Aug-20,20 Dhul Hijjah 1441,Monday,28,140
2020,11-Aug-20,21 Dhul Hijjah 1441,Tuesday,28,135
2020,12-Aug-20,22 Dhul Hijjah 1441,Wednesday,24,130
2020,13-Aug-20,23 Dhul Hijjah 1441,Thursday,18,115
2020,14-Aug-20,24 Dhul Hijjah 1441,Friday,14,110
2020,15-Aug-20,25 Dhul Hijjah 1441,Saturday,12,105
2020,16-Aug-20,26 Dhul Hijjah 1441,Sunday,12,105
2020,17-Aug-20,27 Dhul Hijjah 1441,Monday,14,112
2020,18-Aug-20,28 Dhul Hijjah 1441,Tuesday,16,112
2020,19-Aug-20,29 Dhul Hijjah 1441,Wednesday,18,120
2020,20-Aug-20,1 Muharram 1442,Thursday,20,120
2020,21-Aug-20,2 Muharram 1442,Friday,20,105
2020,22-Aug-20,3 Muharram 1442,Saturday,14,105
2020,23-Aug-20,4 Muharram 1442,Sunday,14,115
2020,24-Aug-20,5 Muharram 1442,Monday,14,125
2020,25-Aug-20,6 Muharram 1442,Tuesday,16,108
2020,26-Aug-20,7 Muharram 1442,Wednesday,16,115
2020,27-Aug-20,8 Muharram 1442,Thursday,10,115
2020,28-Aug-20,9 Muharram 1442,Friday,10,115
2020,29-Aug-20,10 Muharram 1442,Saturday,10,120
2020,30-Aug-20,11 Muharram 1442,Sunday,11,125
2020,31-Aug-20,12 Muharram 1442,Monday,12,125
2020,1-Sep-20,13 Muharram 1442,Tuesday,12,115
2020,2-Sep-20,14 Muharram 1442,Wednesday,14,115
2020,3-Sep-20,15 Muharram 1442,Thursday,14,115
2020,4-Sep-20,16 Muharram 1442,Friday,20,120
2020,5-Sep-20,17 Muharram 1442,Saturday,24,134
2020,6-Sep-20,18 Muharram 1442,Sunday,25,138
2020,7-Sep-20,19 Muharram 1442,Monday,26,130
2020,8-Sep-20,20 Muharram 1442,Tuesday,26,125
2020,9-Sep-20,21 Muharram 1442,Wednesday,30,136
2020,10-Sep-20,22 Muharram 1442,Thursday,30,145
2020,11-Sep-20,23 Muharram 1442,Friday,32,136
2020,12-Sep-20,24 Muharram 1442,Saturday,32,136
2020,13-Sep-20,25 Muharram 1442,Sunday,34,140
2020,14-Sep-20,26 Muharram 1442,Monday,34,142
2020,15-Sep-20,27 Muharram 1442,Tuesday,40,142
2020,16-Sep-20,28 Muharram 1442,Wednesday,42,150
2020,17-Sep-20,29 Muharram 1442,Thursday,44,150
2020,18-Sep-20,1 Safar 1442,Friday,44,145
2020,19-Sep-20,2 Safar 1442,Saturday,46,145
2020,20-Sep-20,3 Safar 1442,Sunday,46,135
2020,21-Sep-20,4 Safar 1442,Monday,46,147
2020,22-Sep-20,5 Safar 1442,Tuesday,46,147
2020,23-Sep-20,6 Safar 1442,Wednesday,46,147
2020,24-Sep-20,7 Safar 1442,Thursday,40,144
2020,25-Sep-20,8 Safar 1442,Friday,36,140
2020,26-Sep-20,9 Safar 1442,Saturday,40,145
2020,27-Sep-20,10 Safar 1442,Sunday,40,155
2020,28-Sep-20,11 Safar 1442,Monday,40,148
2020,29-Sep-20,12 Safar 1442,Tuesday,42,145
2020,30-Sep-20,13 Safar 1442,Wednesday,44,155
2020,1-Oct-20,14 Safar 1442,Thursday,48,155
2020,2-Oct-20,15 Safar 1442,Friday,48,155
2020,3-Oct-20,16 Safar 1442,Saturday,50,158
2020,4-Oct-20,17 Safar 1442,Sunday,50,158
2020,5-Oct-20,18 Safar 1442,Monday,50,150
2020,6-Oct-20,19 Safar 1442,Tuesday,52,153
2020,7-Oct-20,20 Safar 1442,Wednesday,52,160
2020,8-Oct-20,21 Safar 1442,Thursday,54,165
2020,9-Oct-20,22 Safar 1442,Friday,54,165
2020,10-Oct-20,23 Safar 1442,Saturday,54,170
2020,11-Oct-20,24 Safar 1442,Sunday,55,185
2020,12-Oct-20,25 Safar 1442,Monday,56,190
2020,13-Oct-20,26 Safar 1442,Tuesday,56,175
2020,14-Oct-20,27 Safar 1442,Wednesday,58,185
2020,15-Oct-20,28 Safar 1442,Thursday,58,185
2020,16-Oct-20,29 Safar 1442,Friday,60,195
2020,17-Oct-20,30 Safar 1442,Saturday,60,190
2020,18-Oct-20,1 Rabi Al-Awwal 1442,Sunday,61,178
2020,19-Oct-20,2 Rabi Al-Awwal 1442,Monday,62,180
2020,20-Oct-20,3 Rabi Al-Awwal 1442,Tuesday,62,188
2020,21-Oct-20,4 Rabi Al-Awwal 1442,Wednesday,62,188
2020,22-Oct-20,5 Rabi Al-Awwal 1442,Thursday,56,180
2020,23-Oct-20,6 Rabi Al-Awwal 1442,Friday,52,175
2020,24-Oct-20,7 Rabi Al-Awwal 1442,Saturday,52,175
2020,25-Oct-20,8 Rabi Al-Awwal 1442,Sunday,50,177
2020,26-Oct-20,9 Rabi Al-Awwal 1442,Monday,50,177
2020,27-Oct-20,10 Rabi Al-Awwal 1442,Tuesday,42,170
2020,28-Oct-20,11 Rabi Al-Awwal 1442,Wednesday,44,177
2020,29-Oct-20,12 Rabi Al-Awwal 1442,Thursday,46,182
2020,30-Oct-20,13 Rabi Al-Awwal 1442,Friday,46,185
2020,31-Oct-20,14 Rabi Al-Awwal 1442,Saturday,46,175
2020,1-Nov-20,15 Rabi Al-Awwal 1442,Sunday,48,177
2020,2-Nov-20,16 Rabi Al-Awwal 1442,Monday,48,190
2020,3-Nov-20,17 Rabi Al-Awwal 1442,Tuesday,52,202
2020,4-Nov-20,18 Rabi Al-Awwal 1442,Wednesday,52,195
2020,5-Nov-20,19 Rabi Al-Awwal 1442,Thursday,52,190
2020,6-Nov-20,20 Rabi Al-Awwal 1442,Friday,52,200
2020,7-Nov-20,21 Rabi Al-Awwal 1442,Saturday,52,200
2020,8-Nov-20,22 Rabi Al-Awwal 1442,Sunday,53,205
2020,9-Nov-20,23 Rabi Al-Awwal 1442,Monday,54,200
2020,10-Nov-20,24 Rabi Al-Awwal 1442,Tuesday,54,215
2020,11-Nov-20,25 Rabi Al-Awwal 1442,Wednesday,56,215
2020,12-Nov-20,26 Rabi Al-Awwal 1442,Thursday,60,220
2020,13-Nov-20,27 Rabi Al-Awwal 1442,Friday,60,218
2020,14-Nov-20,28 Rabi Al-Awwal 1442,Saturday,62,218
2020,15-Nov-20,29 Rabi Al-Awwal 1442,Sunday,62,220
2020,16-Nov-20,1 Rabi Al-Thani,Monday,62,225
2020,17-Nov-20,2 Rabi Al-Thani,Tuesday,64,225
2020,18-Nov-20,3 Rabi Al-Thani,Wednesday,64,220
2020,19-Nov-20,4 Rabi Al-Thani,Thursday,64,220
2020,20-Nov-20,5 Rabi Al-Thani,Friday,64,225
2020,21-Nov-20,6 Rabi Al-Thani,Saturday,64,225
2020,22-Nov-20,7 Rabi Al-Thani,Sunday,62,220
2020,23-Nov-20,8 Rabi Al-Thani,Monday,58,215
2020,24-Nov-20,9 Rabi Al-Thani,Tuesday,52,210
2020,25-Nov-20,10 Rabi Al-Thani,Wednesday,44,200
2020,26-Nov-20,11 Rabi Al-Thani,Thursday,44,195
2020,27-Nov-20,12 Rabi Al-Thani,Friday,52,205
2020,28-Nov-20,13 Rabi Al-Thani,Saturday,58,220
2020,29-Nov-20,14 Rabi Al-Thani,Sunday,60,225
2020,30-Nov-20,15 Rabi Al-Thani,Monday,62,225
2020,1-Dec-20,16 Rabi Al-Thani,Tuesday,64,225
2020,2-Dec-20,17 Rabi Al-Thani,Wednesday,64,220
2020,3-Dec-20,18 Rabi Al-Thani,Thursday,64,225
2020,4-Dec-20,19 Rabi Al-Thani,Friday,64,225
2020,5-Dec-20,20 Rabi Al-Thani,Saturday,64,220
2020,6-Dec-20,21 Rabi Al-Thani,Sunday,64,215
2020,7-Dec-20,22 Rabi Al-Thani,Monday,64,210
2020,8-Dec-20,23 Rabi Al-Thani,Tuesday,50,210
2020,9-Dec-20,24 Rabi Al-Thani,Wednesday,62,215
2020,10-Dec-20,25 Rabi Al-Thani,Thursday,64,220
2020,11-Dec-20,26 Rabi Al-Thani,Friday,64,220
2020,12-Dec-20,27 Rabi Al-Thani,Saturday,64,215
2020,13-Dec-20,28 Rabi Al-Thani,Sunday,64,220
2020,14-Dec-20,29 Rabi Al-Thani,Monday,64,220
2020,15-Dec-20,30 Rabi Al-Thani,Tuesday,64,222
2020,16-Dec-20,1 Jumada Al-Awwal,Wednesday,64,222
2020,17-Dec-20,2 Jumada Al-Awwal,Thursday,64,220
2020,18-Dec-20,3 Jumada Al-Awwal,Friday,64,215
2020,19-Dec-20,4 Jumada Al-Awwal,Saturday,64,215
2020,20-Dec-20,5 Jumada Al-Awwal,Sunday,64,210
2020,21-Dec-20,6 Jumada Al-Awwal,Monday,64,205
2020,22-Dec-20,7 Jumada Al-Awwal,Tuesday,64,205
2020,23-Dec-20,8 Jumada Al-Awwal,Wednesday,64,210
2020,24-Dec-20,9 Jumada Al-Awwal,Thursday,64,205
2020,25-Dec-20,10 Jumada Al-Awwal,Friday,64,195
2020,26-Dec-20,11 Jumada Al-Awwal,Saturday,64,180
2020,27-Dec-20,12 Jumada Al-Awwal,Sunday,60,178
2020,28-Dec-20,13 Jumada Al-Awwal,Monday,56,180
2020,29-Dec-20,14 Jumada Al-Awwal,Tuesday,56,185
2020,30-Dec-20,15 Jumada Al-Awwal,Wednesday,56,190
2020,31-Dec-20,16 Jumada Al-Awwal,Thursday,56,180
2021,1-Jan-21,17 Jumada Al-Awwal,Friday,54,175
2021,2-Jan-21,18 Jumada Al-Awwal,Saturday,50,175
2021,3-Jan-21,19 Jumada Al-Awwal,Sunday,50,175
2021,4-Jan-21,20 Jumada Al-Awwal,Monday,50,170
2021,5-Jan-21,21 Jumada Al-Awwal,Tuesday,38,160
2021,6-Jan-21,22 Jumada Al-Awwal,Wednesday,38,160
2021,7-Jan-21,23 Jumada Al-Awwal,Thursday,42,162
2021,8-Jan-21,24 Jumada Al-Awwal,Friday,44,167
2021,9-Jan-21,25 Jumada Al-Awwal,Saturday,44,167
2021,10-Jan-21,26 Jumada Al-Awwal,Sunday,43,163
2021,11-Jan-21,27 Jumada Al-Awwal,Monday,42,150
2021,12-Jan-21,28 Jumada Al-Awwal,Tuesday,30,140
2021,13-Jan-21,29 Jumada Al-Awwal,Wednesday,34,147
2021,14-Jan-21,1 Jumada Al-Thani,Thursday,36,150
2021,15-Jan-21,2 Jumada Al-Thani,Friday,36,155
2021,16-Jan-21,3 Jumada Al-Thani,Saturday,28,155
2021,17-Jan-21,4 Jumada Al-Thani,Sunday,28,150
2021,18-Jan-21,5 Jumada Al-Thani,Monday,28,160
2021,19-Jan-21,6 Jumada Al-Thani,Tuesday,34,170
2021,20-Jan-21,7 Jumada Al-Thani,Wednesday,34,170
2021,21-Jan-21,8 Jumada Al-Thani,Thursday,36,163
2021,22-Jan-21,9 Jumada Al-Thani,Friday,36,167
2021,23-Jan-21,10 Jumada Al-Thani,Saturday,36,147
2021,24-Jan-21,11 Jumada Al-Thani,Sunday,38,150
2021,25-Jan-21,12 Jumada Al-Thani,Monday,40,170
2021,26-Jan-21,13 Jumada Al-Thani,Tuesday,42,163
2021,27-Jan-21,14 Jumada Al-Thani,Wednesday,44,170
2021,28-Jan-21,15 Jumada Al-Thani,Thursday,48,172
2021,29-Jan-21,16 Jumada Al-Thani,Friday,50,185
2021,30-Jan-21,17 Jumada Al-Thani,Saturday,52,177
2021,31-Jan-21,18 Jumada Al-Thani,Sunday,52,162
2021,1-Feb-21,19 Jumada Al-Thani,Monday,52,165
2021,2-Feb-21,20 Jumada Al-Thani,Tuesday,54,170
2021,3-Feb-21,21 Jumada Al-Thani,Wednesday,54,180
2021,4-Feb-21,22 Jumada Al-Thani,Thursday,54,184
2021,5-Feb-21,23 Jumada Al-Thani,Friday,54,187
2021,6-Feb-21,24 Jumada Al-Thani,Saturday,54,188
2021,7-Feb-21,25 Jumada Al-Thani,Sunday,55,190
2021,8-Feb-21,26 Jumada Al-Thani,Monday,56,195
2021,9-Feb-21,27 Jumada Al-Thani,Tuesday,58,190
2021,10-Feb-21,28 Jumada Al-Thani,Wednesday,58,185
2021,11-Feb-21,29 Jumada Al-Thani,Thursday,60,180
2021,12-Feb-21,30 Jumada Al-Thani,Friday,60,185
2021,13-Feb-21,1 Rajab 1442,Saturday,60,190
2021,14-Feb-21,2 Rajab 1442,Sunday,61,195
2021,15-Feb-21,3 Rajab 1442,Monday,62,210
2021,16-Feb-21,4 Rajab 1442,Tuesday,62,210
2021,17-Feb-21,5 Rajab 1442,Wednesday,62,215
2021,18-Feb-21,6 Rajab 1442,Thursday,64,215
2021,19-Feb-21,7 Rajab 1442,Friday,64,215
2021,20-Feb-21,8 Rajab 1442,Saturday,64,206
2021,21-Feb-21,9 Rajab 1442,Sunday,65,212
2021,22-Feb-21,10 Rajab 1442,Monday,66,222
2021,23-Feb-21,11 Rajab 1442,Tuesday,68,230
2021,24-Feb-21,12 Rajab 1442,Wednesday,68,220
2021,25-Feb-21,13 Rajab 1442,Thursday,70,215
2021,26-Feb-21,14 Rajab 1442,Friday,70,205
2021,27-Feb-21,15 Rajab 1442,Saturday,70,205
2021,28-Feb-21,16 Rajab 1442,Sunday,70,220
2021,1-Mar-21,17 Rajab 1442,Monday,72,225
2021,2-Mar-21,18 Rajab 1442,Tuesday,72,215
2021,3-Mar-21,19 Rajab 1442,Wednesday,72,228
2021,4-Mar-21,20 Rajab 1442,Thursday,72,230
2021,5-Mar-21,21 Rajab 1442,Friday,72,230
2021,6-Mar-21,22 Rajab 1442,Saturday,72,225
2021,7-Mar-21,23 Rajab 1442,Sunday,72,225
2021,8-Mar-21,24 Rajab 1442,Monday,72,228
2021,9-Mar-21,25 Rajab 1442,Tuesday,72,228
2021,10-Mar-21,26 Rajab 1442,Wednesday,64,224
2021,11-Mar-21,27 Rajab 1442,Thursday,54,215
2021,12-Mar-21,28 Rajab 1442,Friday,44,205
2021,13-Mar-21,29 Rajab 1442,Saturday,48,205
2021,14-Mar-21,1 Shaban 1442,Sunday,49,195
2021,15-Mar-21,2 Shaban 1442,Monday,50,185
2021,16-Mar-21,3 Shaban 1442,Tuesday,50,170
2021,17-Mar-21,4 Shaban 1442,Wednesday,56,185
2021,18-Mar-21,5 Shaban 1442,Thursday,62,200
2021,19-Mar-21,6 Shaban 1442,Friday,66,195
2021,20-Mar-21,7 Shaban 1442,Saturday,70,195
2021,21-Mar-21,8 Shaban 1442,Sunday,70,200
2021,22-Mar-21,9 Shaban 1442,Monday,72,205
2021,23-Mar-21,10 Shaban 1442,Tuesday,72,210
2021,24-Mar-21,11 Shaban 1442,Wednesday,74,220
2021,25-Mar-21,12 Shaban 1442,Thursday,78,220
2021,26-Mar-21,13 Shaban 1442,Friday,82,225
2021,27-Mar-21,14 Shaban 1442,Saturday,82,230
2021,28-Mar-21,15 Shaban 1442,Sunday,83,225
2021,29-Mar-21,16 Shaban 1442,Monday,84,215
2021,30-Mar-21,17 Shaban 1442,Tuesday,84,200
2021,31-Mar-21,18 Shaban 1442,Wednesday,74,185
2021,1-Apr-21,19 Shaban 1442,Thursday,80,197
2021,2-Apr-21,20 Shaban 1442,Friday,84,212
2021,3-Apr-21,21 Shaban 1442,Saturday,84,215
2021,4-Mar-21,20 Rajab 1442,Sunday,85,210
2021,5-Apr-21,23 Shaban 1442,Monday,86,205
2021,6-Apr-21,24 Shaban 1442,Tuesday,86,212
2021,7-Apr-21,25 Shaban 1442,Wednesday,86,220
2021,8-Apr-21,26 Shaban 1442,Thursday,86,222
2021,9-Apr-21,27 Shaban 1442,Friday,86,222
2021,10-Apr-21,28 Shaban 1442,Saturday,82,215
2021,11-Mar-21,27 Rajab 1442,Sunday,82,210
2021,12-Apr-21,30 Shaban 1442,Monday,84,210
2021,13-Apr-21,1 Ramadan 1442,Tuesday,74,218
2021,14-Apr-21,2 Ramadan 1442,Wednesday,76,222
2021,15-Apr-21,3 Ramadan 1442,Thursday,76,222
2021,16-Apr-21,4 Ramadan 1442,Friday,76,230
2021,17-Apr-21,5 Ramadan 1442,Saturday,76,230
2021,18-Mar-21,5 Shaban 1442,Sunday,78,230
2021,19-Apr-21,7 Ramadan 1442,Monday,80,235
2021,20-Apr-21,8 Ramadan 1442,Tuesday,80,230
2021,21-Apr-21,9 Ramadan 1442,Wednesday,82,220
2021,22-Apr-21,10 Ramadan 1442,Thursday,82,215
2021,23-Apr-21,11 Ramadan 1442,Friday,82,220
2021,24-Apr-21,12 Ramadan 1442,Saturday,82,225
2021,25-Mar-21,12 Shaban 1442,Sunday,82,230
2021,26-Apr-21,14 Ramadan 1442,Monday,84,230
2021,27-Apr-21,15 Ramadan 1442,Tuesday,84,230
2021,28-Apr-21,16 Ramadan 1442,Wednesday,84,225
2021,29-Apr-21,17 Ramadan 1442,Thursday,84,215
2021,30-Apr-21,18 Ramadan 1442,Friday,74,210
2021,1-May-21,19 Ramadan 1442,Saturday,74,215
2021,2-May-21,20 Ramadan 1442,Sunday,74,230
2021,3-May-21,21 Ramadan 1442,Monday,76,235
2021,4-May-21,22 Ramadan 1442,Tuesday,76,235
2021,5-May-21,23 Ramadan 1442,Wednesday,76,240
2021,6-May-21,24 Ramadan 1442,Thursday,78,250
2021,7-May-21,25 Ramadan 1442,Friday,78,250
2021,8-May-21,26 Ramadan 1442,Saturday,78,260
2021,9-May-21,27 Ramadan 1442,Sunday,78,265
2021,10-May-21,28 Ramadan 1442,Monday,78,270
2021,11-May-21,29 Ramadan 1442,Tuesday,78,275
2021,12-May-21,30 Ramadan 1442,Wednesday,78,275
2021,13-May-21,1 Shawwal 1442,Thursday,78,275
2021,14-May-21,2 Shawwal 1442,Friday,78,275
2021,15-May-21,3 Shawwal 1442,Saturday,78,275
2021,16-May-21,4 Shawwal 1442,Sunday,78,280
2021,17-May-21,5 Shawwal 1442,Monday,80,280
2021,18-May-21,6 Shawwal 1442,Tuesday,82,280
2021,19-May-21,7 Shawwal 1442,Wednesday,84,290
2021,20-May-21,8 Shawwal 1442,Thursday,86,295
2021,21-May-21,9 Shawwal 1442,Friday,88,285
2021,22-May-21,10 Shawwal 1442,Saturday,90,280
2021,23-May-21,11 Shawwal 1442,Sunday,90,275
2021,24-May-21,12 Shawwal 1442,Monday,92,280
2021,25-May-21,13 Shawwal 1442,Tuesday,92,280
2021,26-May-21,14 Shawwal 1442,Wednesday,92,265
2021,27-May-21,15 Shawwal 1442,Thursday,82,225
2021,28-May-21,16 Shawwal 1442,Friday,68,200
2021,29-May-21,17 Shawwal 1442,Saturday,76,200
2021,30-May-21,18 Shawwal 1442,Sunday,78,220
2021,31-May-21,19 Shawwal 1442,Monday,78,225
2021,1-Jun-21,20 Shawwal 1442,Tuesday,80,200
2021,2-Jun-21,21 Shawwal 1442,Wednesday,80,190
2021,3-Jun-21,22 Shawwal 1442,Thursday,80,190
2021,4-Jun-21,23 Shawwal 1442,Friday,80,185
2021,5-Jun-21,24 Shawwal 1442,Saturday,80,190
2021,6-Jun-21,25 Shawwal 1442,Sunday,80,190
2021,7-Jun-21,26 Shawwal 1442,Monday,80,185
2021,8-Jun-21,27 Shawwal 1442,Tuesday,66,175
2021,9-Jun-21,28 Shawwal 1442,Wednesday,46,160
2021,10-Jun-21,29 Shawwal 1442,Thursday,42,160
2021,11-Jun-21,1 Dhul Qadah 1442,Friday,44,165
2021,12-Jun-21,2 Dhul Qadah 1442,Saturday,46,170
2021,13-Jun-21,3 Dhul Qadah 1442,Sunday,46,160
2021,14-Jun-21,4 Dhul Qadah 1442,Monday,46,150
2021,15-Jun-21,5 Dhul Qadah 1442,Tuesday,34,150
2021,16-Jun-21,6 Dhul Qadah 1442,Wednesday,26,165
2021,17-Jun-21,7 Dhul Qadah 1442,Thursday,22,165
2021,18-Jun-21,8 Dhul Qadah 1442,Friday,18,160
2021,19-Jun-21,9 Dhul Qadah 1442,Saturday,22,165
2021,20-Jun-21,10 Dhul Qadah 1442,Sunday,29,165
2021,21-Jun-21,11 Dhul Qadah 1442,Monday,36,170
2021,22-Jun-21,12 Dhul Qadah 1442,Tuesday,42,185
2021,23-Jun-21,13 Dhul Qadah 1442,Wednesday,42,190
2021,24-Jun-21,14 Dhul Qadah 1442,Thursday,42,185
2021,25-Jun-21,15 Dhul Qadah 1442,Friday,26,180
2021,26-Jun-21,16 Dhul Qadah 1442,Saturday,26,175
2021,27-Jun-21,17 Dhul Qadah 1442,Sunday,29,195
2021,28-Jun-21,18 Dhul Qadah 1442,Monday,32,195
2021,29-Jun-21,19 Dhul Qadah 1442,Tuesday,32,185
2021,30-Jun-21,20 Dhul Qadah 1442,Wednesday,26,190
2021,1-Jul-21,21 Dhul Qadah 1442,Thursday,22,190
2021,2-Jul-21,22 Dhul Qadah 1442,Friday,22,180
2021,3-Jul-21,23 Dhul Qadah 1442,Saturday,22,185
2021,4-Jul-21,24 Dhul Qadah 1442,Sunday,22,185
2021,5-Jul-21,25 Dhul Qadah 1442,Monday,22,170
2021,6-Jul-21,26 Dhul Qadah 1442,Tuesday,22,165
2021,7-Jul-21,27 Dhul Qadah 1442,Wednesday,22,160
2021,8-Jul-21,28 Dhul Qadah 1442,Thursday,20,160
2021,9-Jul-21,29 Dhul Qadah 1442,Friday,16,160
2021,10-Jul-21,30 Dhul Qadah 1442,Saturday,16,160
2021,11-Jul-21,1 Dhul Hijjah 1442,Sunday,16,145
2021,12-Jul-21,2 Dhul Hijjah 1442,Monday,16,134
2021,13-Jul-21,3 Dhul Hijjah 1442,Tuesday,16,125
2021,14-Jul-21,4 Dhul Hijjah 1442,Wednesday,18,140
2021,15-Jul-21,5 Dhul Hijjah 1442,Thursday,20,145
2021,16-Jul-21,6 Dhul Hijjah 1442,Friday,20,135
2021,17-Jul-21,7 Dhul Hijjah 1442,Saturday,16,130
2021,18-Jul-21,8 Dhul Hijjah 1442,Sunday,16,120
2021,19-Jul-21,9 Dhul Hijjah 1442,Monday,16,130
2021,20-Jul-21,10 Dhul Hijjah 1442,Tuesday,16,130
2021,21-Jul-21,11 Dhul Hijjah 1442,Wednesday,17,130
2021,22-Jul-21,12 Dhul Hijjah 1442,Thursday,17,130
2021,23-Jul-21,13 Dhul Hijjah 1442,Friday,18,130
2021,24-Jul-21,14 Dhul Hijjah 1442,Saturday,18,130
2021,25-Jul-21,15 Dhul Hijjah 1442,Sunday,18,130
2021,26-Jul-21,16 Dhul Hijjah 1442,Monday,18,130
2021,27-Jul-21,17 Dhul Hijjah 1442,Tuesday,16,115
2021,28-Jul-21,18 Dhul Hijjah 1442,Wednesday,14,115
2021,29-Jul-21,19 Dhul Hijjah 1442,Thursday,14,115
2021,30-Jul-21,20 Dhul Hijjah 1442,Friday,16,125
2021,31-Jul-21,21 Dhul Hijjah 1442,Saturday,18,125
2021,1-Aug-21,22 Dhul Hijjah 1442,Sunday,18,115
2021,2-Aug-21,23 Dhul Hijjah 1442,Monday,18,110
2021,3-Aug-21,24 Dhul Hijjah 1442,Tuesday,20,115
2021,4-Aug-21,25 Dhul Hijjah 1442,Wednesday,20,117
2021,5-Aug-21,26 Dhul Hijjah 1442,Thursday,20,110
2021,6-Aug-21,27 Dhul Hijjah 1442,Friday,16,115
2021,7-Aug-21,28 Dhul Hijjah 1442,Saturday,16,115
2021,8-Aug-21,29 Dhul Hijjah 1442,Sunday,16,115
2021,9-Aug-21,1 Muharram 1443,Monday,16,115
2021,10-Aug-21,1 Muharram 1443,Tuesday,16,117
2021,11-Aug-21,3 Muharram 1443,Wednesday,16,120
2021,12-Aug-21,4 Muharram 1443,Thursday,26,128
2021,13-Aug-21,5 Muharram 1443,Friday,28,136
2021,14-Aug-21,6 Muharram 1443,Saturday,28,125
2021,15-Aug-21,7 Muharram 1443,Sunday,28,115
2021,16-Aug-21,8 Muharram 1443,Monday,28,125
2021,17-Aug-21,9 Muharram 1443,Tuesday,28,125
2021,18-Aug-21,10 Muharram 1443,Wednesday,28,115
2021,19-Aug-21,11 Muharram 1443,Thursday,28,128
2021,20-Aug-21,12 Muharram 1443,Friday,30,128
2021,21-Aug-21,13 Muharram 1443,Saturday,36,132
2021,22-Aug-21,14 Muharram 1443,Sunday,37,142
2021,23-Aug-21,15 Muharram 1443,Monday,38,135
2021,24-Aug-21,16 Muharram 1443,Tuesday,42,133
2021,25-Aug-21,17 Muharram 1443,Wednesday,48,140
2021,26-Aug-21,18 Muharram 1443,Thursday,48,140
2021,27-Aug-21,19 Muharram 1443,Friday,52,133
2021,28-Aug-21,20 Muharram 1443,Saturday,54,142
2021,29-Aug-21,21 Muharram 1443,Sunday,56,142
2021,30-Aug-21,22 Muharram 1443,Monday,60,155
2021,31-Aug-21,23 Muharram 1443,Tuesday,70,170
2021,1-Sep-21,24 Muharram 1443,Wednesday,72,165
2021,2-Sep-21,25 Muharram 1443,Thursday,72,163
2021,3-Sep-21,26 Muharram 1443,Friday,74,160
2021,4-Sep-21,27 Muharram 1443,Saturday,76,175
2021,5-Sep-21,28 Muharram 1443,Sunday,78,175
2021,6-Sep-21,29 Muharram 1443,Monday,78,178
2021,7-Sep-21,30 Muharram 1443,Tuesday,80,178
2021,8-Sep-21,1 Safar 1443,Wednesday,80,178
2021,9-Sep-21,2 Safar 1443,Thursday,82,175
2021,10-Sep-21,3 Safar 1443,Friday,84,185
2021,11-Sep-21,4 Safar 1443,Saturday,84,195
2021,12-Sep-21,5 Safar 1443,Sunday,85,195
2021,13-Sep-21,6 Safar 1443,Monday,86,200
2021,14-Sep-21,7 Safar 1443,Tuesday,86,190
2021,15-Sep-21,8 Safar 1443,Wednesday,76,185
2021,16-Sep-21,9 Safar 1443,Thursday,72,183
2021,17-Sep-21,10 Safar 1443,Friday,74,187
2021,18-Sep-21,11 Safar 1443,Saturday,74,190
2021,19-Sep-21,12 Safar 1443,Sunday,75,180
2021,20-Sep-21,13 Safar 1443,Monday,76,175
2021,21-Sep-21,14 Safar 1443,Tuesday,76,175
2021,22-Sep-21,15 Safar 1443,Wednesday,76,175
2021,23-Sep-21,16 Safar 1443,Thursday,78,180
2021,24-Sep-21,17 Safar 1443,Friday,78,185
2021,25-Sep-21,18 Safar 1443,Saturday,78,175
2021,26-Sep-21,19 Safar 1443,Sunday,79,170
2021,27-Sep-21,20 Safar 1443,Monday,80,178
2021,28-Sep-21,21 Safar 1443,Tuesday,80,175
2021,29-Sep-21,22 Safar 1443,Wednesday,80,180
2021,30-Sep-21,23 Safar 1443,Thursday,82,185
2021,1-Oct-21,24 Safar 1443,Friday,82,185
2021,2-Oct-21,25 Safar 1443,Saturday,82,195
2021,3-Oct-21,26 Safar 1443,Sunday,84,205
2021,4-Oct-21,27 Safar 1443,Monday,86,215
2021,5-Oct-21,28 Safar 1443,Tuesday,88,230
2021,6-Oct-21,29 Safar 1443,Wednesday,90,230
2021,7-Oct-21,1 Rabi Al-Awwal 1443,Thursday,90,225
2021,8-Oct-21,2 Rabi Al-Awwal 1443,Friday,90,215
2021,9-Oct-21,3 Rabi Al-Awwal 1443,Saturday,92,223
2021,10-Oct-21,4 Rabi Al-Awwal 1443,Sunday,92,225
2021,11-Oct-21,5 Rabi Al-Awwal 1443,Monday,92,225
2021,12-Oct-21,6 Rabi Al-Awwal 1443,Tuesday,92,225
2021,13-Oct-21,7 Rabi Al-Awwal 1443,Wednesday,82,225
2021,14-Oct-21,8 Rabi Al-Awwal 1443,Thursday,82,225
2021,15-Oct-21,9 Rabi Al-Awwal 1443,Friday,70,210
2021,16-Oct-21,10 Rabi Al-Awwal 1443,Saturday,66,200
2021,17-Oct-21,11 Rabi Al-Awwal 1443,Sunday,68,212
2021,18-Oct-21,12 Rabi Al-Awwal 1443,Monday,70,222
2021,19-Oct-21,13 Rabi Al-Awwal 1443,Tuesday,70,215
2021,20-Oct-21,14 Rabi Al-Awwal 1443,Wednesday,70,200
2021,21-Oct-21,15 Rabi Al-Awwal 1443,Thursday,70,215
2021,22-Oct-21,16 Rabi Al-Awwal 1443,Friday,70,215
2021,23-Oct-21,17 Rabi Al-Awwal 1443,Saturday,70,225
2021,24-Oct-21,18 Rabi Al-Awwal 1443,Sunday,70,225
2021,25-Oct-21,19 Rabi Al-Awwal 1443,Monday,70,215
2021,26-Oct-21,20 Rabi Al-Awwal 1443,Tuesday,70,218
2021,27-Oct-21,21 Rabi Al-Awwal 1443,Wednesday,70,220
2021,28-Oct-21,22 Rabi Al-Awwal 1443,Thursday,70,215
2021,29-Oct-21,23 Rabi Al-Awwal 1443,Friday,70,205
2021,30-Oct-21,24 Rabi Al-Awwal 1443,Saturday,70,210
2021,31-Oct-21,25 Rabi Al-Awwal 1443,Sunday,70,210
2021,1-Nov-21,26 Rabi Al-Awwal 1443,Monday,70,205
2021,2-Nov-21,27 Rabi Al-Awwal 1443,Tuesday,70,212
2021,3-Nov-21,28 Rabi Al-Awwal 1443,Wednesday,70,215
2021,4-Nov-21,29 Rabi Al-Awwal 1443,Thursday,70,215
2021,5-Nov-21,30 Rabi Al-Awwal 1443,Friday,70,210
2021,6-Nov-21,1 Rabi Al-Thani,Saturday,70,210
2021,7-Nov-21,2 Rabi Al-Thani,Sunday,70,205
2021,8-Nov-21,3 Rabi Al-Thani,Monday,70,205
2021,9-Nov-21,4 Rabi Al-Thani,Tuesday,70,205
2021,10-Nov-21,5 Rabi Al-Thani,Wednesday,70,210
2021,11-Nov-21,6 Rabi Al-Thani,Thursday,70,210
2021,12-Nov-21,7 Rabi Al-Thani,Friday,70,210
2021,13-Nov-21,8 Rabi Al-Thani,Saturday,70,205
2021,14-Nov-21,9 Rabi Al-Thani,Sunday,70,205
2021,15-Nov-21,10 Rabi Al-Thani,Monday,70,205
2021,16-Nov-21,11 Rabi Al-Thani,Tuesday,70,215
2021,17-Nov-21,12 Rabi Al-Thani,Wednesday,70,225
2021,18-Nov-21,13 Rabi Al-Thani,Thursday,70,235
2021,19-Nov-21,14 Rabi Al-Thani,Friday,70,235
2021,20-Nov-21,15 Rabi Al-Thani,Saturday,70,235
2021,21-Nov-21,16 Rabi Al-Thani,Sunday,70,235
2021,22-Nov-21,17 Rabi Al-Thani,Monday,70,235
2021,23-Nov-21,18 Rabi Al-Thani,Tuesday,70,235
2021,24-Nov-21,19 Rabi Al-Thani,Wednesday,70,230
2021,25-Nov-21,20 Rabi Al-Thani,Thursday,70,225
2021,26-Nov-21,21 Rabi Al-Thani,Friday,70,220
2021,27-Nov-21,22 Rabi Al-Thani,Saturday,70,215
2021,28-Nov-21,23 Rabi Al-Thani,Sunday,70,205
2021,29-Nov-21,24 Rabi Al-Thani,Monday,70,205
2021,30-Nov-21,25 Rabi Al-Thani,Tuesday,64,200
2021,1-Dec-21,26 Rabi Al-Thani,Wednesday,64,180
2021,2-Dec-21,27 Rabi Al-Thani,Thursday,58,188
2021,3-Dec-21,28 Rabi Al-Thani,Friday,54,190
2021,4-Dec-21,29 Rabi Al-Thani,Saturday,44,185
2021,5-Dec-21,1 Jumada Al-Awwal,Sunday,38,175
2021,6-Dec-21,2 Jumada Al-Awwal,Monday,34,175
2021,7-Dec-21,3 Jumada Al-Awwal,Tuesday,24,170
2021,8-Dec-21,4 Jumada Al-Awwal,Wednesday,36,175
2021,9-Dec-21,5 Jumada Al-Awwal,Thursday,38,175
2021,10-Dec-21,6 Jumada Al-Awwal,Friday,38,160
2021,11-Dec-21,7 Jumada Al-Awwal,Saturday,30,155
2021,12-Dec-21,8 Jumada Al-Awwal,Sunday,30,150
2021,13-Dec-21,9 Jumada Al-Awwal,Monday,31,170
2021,14-Dec-21,10 Jumada Al-Awwal,Tuesday,33,170
2021,15-Dec-21,11 Jumada Al-Awwal,Wednesday,28,165
2021,16-Dec-21,12 Jumada Al-Awwal,Thursday,22,160
2021,17-Dec-21,13 Jumada Al-Awwal,Friday,22,165
2021,18-Dec-21,14 Jumada Al-Awwal,Saturday,16,165
2021,19-Dec-21,15 Jumada Al-Awwal,Sunday,16,155
2021,20-Dec-21,16 Jumada Al-Awwal,Monday,16,155
2021,21-Dec-21,17 Jumada Al-Awwal,Tuesday,16,158
2021,22-Dec-21,18 Jumada Al-Awwal,Wednesday,16,158
2021,23-Dec-21,19 Jumada Al-Awwal,Thursday,11,158
2021,24-Dec-21,20 Jumada Al-Awwal,Friday,12,158
2021,25-Dec-21,21 Jumada Al-Awwal,Saturday,12,160
2021,26-Dec-21,22 Jumada Al-Awwal,Sunday,13,162
2021,27-Dec-21,23 Jumada Al-Awwal,Monday,14,162
2021,28-Dec-21,24 Jumada Al-Awwal,Tuesday,16,155
2021,29-Dec-21,25 Jumada Al-Awwal,Wednesday,21,160
2021,30-Dec-21,26 Jumada Al-Awwal,Thursday,26,165
2021,31-Dec-21,27 Jumada Al-Awwal,Friday,31,170
2022,1-Jan-22,28 Jumada Al-Awwal,Saturday,33,170
2022,2-Jan-22,29 Jumada Al-Awwal,Sunday,34,170
2022,3-Jan-22,30 Jumada Al-Awwal,Monday,36,163
2022,4-Jan-22,1 Jumada Al-Thani,Tuesday,38,175
2022,5-Jan-22,2 Jumada Al-Thani,Wednesday,39,178
2022,6-Jan-22,3 Jumada Al-Thani,Thursday,41,178
2022,7-Jan-22,4 Jumada Al-Thani,Friday,41,178
2022,8-Jan-22,5 Jumada Al-Thani,Saturday,42,170
2022,9-Jan-22,6 Jumada Al-Thani,Sunday,42,175
2022,10-Jan-22,7 Jumada Al-Thani,Monday,42,170
2022,11-Jan-22,8 Jumada Al-Thani,Tuesday,35,165
2022,12-Jan-22,9 Jumada Al-Thani,Wednesday,36,170
2022,13-Jan-22,10 Jumada Al-Thani,Thursday,37,170
2022,14-Jan-22,11 Jumada Al-Thani,Friday,38,170
2022,15-Jan-22,12 Jumada Al-Thani,Saturday,38,165
2022,16-Jan-22,13 Jumada Al-Thani,Sunday,38,160
2022,17-Jan-22,14 Jumada Al-Thani,Monday,38,160
2022,18-Jan-22,15 Jumada Al-Thani,Tuesday,36,160
2022,19-Jan-22,16 Jumada Al-Thani,Wednesday,32,150
2022,20-Jan-22,17 Jumada Al-Thani,Thursday,24,150
2022,21-Jan-22,18 Jumada Al-Thani,Friday,24,150
2022,22-Jan-22,19 Jumada Al-Thani,Saturday,24,150
2022,23-Jan-22,20 Jumada Al-Thani,Sunday,25,145
2022,24-Jan-22,21 Jumada Al-Thani,Monday,26,150
2022,25-Jan-22,22 Jumada Al-Thani,Tuesday,26,150
2022,26-Jan-22,23 Jumada Al-Thani,Wednesday,28,145
2022,27-Jan-22,24 Jumada Al-Thani,Thursday,28,150
2022,28-Jan-22,25 Jumada Al-Thani,Friday,34,160
2022,29-Jan-22,26 Jumada Al-Thani,Saturday,36,165
2022,30-Jan-22,27 Jumada Al-Thani,Sunday,38,170
2022,31-Jan-22,28 Jumada Al-Thani,Monday,38,160
2022,1-Feb-22,29 Jumada Al-Thani,Tuesday,40,160
2022,2-Feb-22,1 Rajab 1443,Wednesday,42,170
2022,3-Feb-22,2 Rajab 1443,Thursday,46,172
2022,4-Feb-22,3 Rajab 1443,Friday,48,172
2022,5-Feb-22,4 Rajab 1443,Saturday,48,172
2022,6-Feb-22,5 Rajab 1443,Sunday,51,175
2022,7-Feb-22,6 Rajab 1443,Monday,54,185
2022,8-Feb-22,7 Rajab 1443,Tuesday,54,185
2022,9-Feb-22,8 Rajab 1443,Wednesday,56,190
2022,10-Feb-22,9 Rajab 1443,Thursday,56,190
2022,11-Feb-22,10 Rajab 1443,Friday,56,190
2022,12-Feb-22,11 Rajab 1443,Saturday,56,195
2022,13-Feb-22,12 Rajab 1443,Sunday,56,195
2022,14-Feb-22,13 Rajab 1443,Monday,56,185
2022,15-Feb-22,14 Rajab 1443,Tuesday,56,185
2022,16-Feb-22,15 Rajab 1443,Wednesday,56,190
2022,17-Feb-22,16 Rajab 1443,Thursday,52,190
2022,18-Feb-22,17 Rajab 1443,Friday,44,190
2022,19-Feb-22,18 Rajab 1443,Saturday,44,190
2022,20-Feb-22,19 Rajab 1443,Sunday,45,195
2022,21-Feb-22,20 Rajab 1443,Monday,46,210
2022,22-Feb-22,21 Rajab 1443,Tuesday,52,215
2022,23-Feb-22,22 Rajab 1443,Wednesday,52,225
2022,24-Feb-22,23 Rajab 1443,Thursday,54,220
2022,25-Feb-22,24 Rajab 1443,Friday,54,220
2022,26-Feb-22,25 Rajab 1443,Saturday,46,225
2022,27-Feb-22,26 Rajab 1443,Sunday,44,225
2022,28-Feb-22,27 Rajab 1443,Monday,42,225
2022,1-Mar-22,28 Rajab 1443,Tuesday,44,230
2022,2-Mar-22,29 Rajab 1443,Wednesday,48,240
2022,3-Mar-22,30 Rajab 1443,Thursday,52,250
2022,4-Mar-22,1 Shaban 1443,Friday,54,250
2022,5-Mar-22,2 Shaban 1443,Saturday,56,255
2022,6-Mar-22,3 Shaban 1443,Sunday,60,255
2022,7-Mar-22,4 Shaban 1443,Monday,64,255
2022,8-Mar-22,5 Shaban 1443,Tuesday,66,255
2022,9-Mar-22,6 Shaban 1443,Wednesday,68,260
2022,10-Mar-22,7 Shaban 1443,Thursday,70,265
2022,11-Mar-22,8 Shaban 1443,Friday,72,270
2022,12-Mar-22,9 Shaban 1443,Saturday,74,270
2022,13-Mar-22,10 Shaban 1443,Sunday,75,260
2022,14-Mar-22,11 Shaban 1443,Monday,76,255
2022,15-Mar-22,12 Shaban 1443,Tuesday,76,245
2022,16-Mar-22,13 Shaban 1443,Wednesday,78,235
2022,17-Mar-22,14 Shaban 1443,Thursday,80,235
2022,18-Mar-22,15 Shaban 1443,Friday,82,250
2022,19-Mar-22,16 Shaban 1443,Saturday,84,240
2022,20-Mar-22,17 Shaban 1443,Sunday,85,235
2022,21-Mar-22,18 Shaban 1443,Monday,86,240
2022,22-Mar-22,19 Shaban 1443,Tuesday,94,250
2022,23-Mar-22,20 Shaban 1443,Wednesday,94,265
2022,24-Mar-22,21 Shaban 1443,Thursday,96,265
2022,25-Mar-22,22 Shaban 1443,Friday,96,255
2022,26-Mar-22,23 Shaban 1443,Saturday,98,250
2022,27-Mar-22,24 Shaban 1443,Sunday,98,250
2022,28-Mar-22,25 Shaban 1443,Monday,98,250
2022,29-Mar-22,26 Shaban 1443,Tuesday,70,250
2022,30-Mar-22,27 Shaban 1443,Wednesday,70,245
2022,31-Mar-22,28 Shaban 1443,Thursday,66,235
2022,1-Apr-22,29 Shaban 1443,Friday,66,235
2022,2-Apr-22,1 Ramadan 1443,Saturday,68,235
2022,3-Apr-22,2 Ramadan 1443,Sunday,68,235
2022,4-Apr-22,3 Ramadan 1443,Monday,68,240
2022,5-Apr-22,4 Ramadan 1443,Tuesday,68,240
2022,6-Apr-22,5 Ramadan 1443,Wednesday,68,230
2022,7-Apr-22,6 Ramadan 1443,Thursday,68,225
2022,8-Apr-22,7 Ramadan 1443,Friday,68,225
2022,9-Apr-22,8 Ramadan 1443,Saturday,68,230
2022,10-Apr-22,9 Ramadan 1443,Sunday,68,230
2022,11-Apr-22,10 Ramadan 1443,Monday,68,220
2022,12-Apr-22,11 Ramadan 1443,Tuesday,68,215
2022,13-Apr-22,12 Ramadan 1443,Wednesday,68,220
2022,14-Apr-22,13 Ramadan 1443,Thursday,68,225
2022,15-Apr-22,14 Ramadan 1443,Friday,68,240
2022,16-Apr-22,15 Ramadan 1443,Saturday,68,240
2022,17-Apr-22,16 Ramadan 1443,Sunday,68,240
2022,18-Apr-22,17 Ramadan 1443,Monday,68,235
2022,19-Apr-22,18 Ramadan 1443,Tuesday,68,220
2022,20-Apr-22,19 Ramadan 1443,Wednesday,68,220
2022,21-Apr-22,20 Ramadan 1443,Thursday,68,230
2022,22-Apr-22,21 Ramadan 1443,Friday,68,235
2022,23-Apr-22,22 Ramadan 1443,Saturday,64,240
2022,24-Apr-22,23 Ramadan 1443,Sunday,55,240
2022,25-Apr-22,24 Ramadan 1443,Monday,46,230
2022,26-Apr-22,25 Ramadan 1443,Tuesday,36,230
2022,27-Apr-22,26 Ramadan 1443,Wednesday,36,235
2022,28-Apr-22,27 Ramadan 1443,Thursday,38,240
2022,29-Apr-22,28 Ramadan 1443,Friday,38,245
2022,30-Apr-22,29 Ramadan 1443,Saturday,38,245
2022,1-May-22,30 Ramadan 1443,Sunday,38,240
2022,2-May-22,1 Shawwal 1443,Monday,38,235
2022,3-May-22,2 Shawwal 1443,Tuesday,38,245
2022,4-May-22,3 Shawwal 1443,Wednesday,38,245
2022,5-May-22,4 Shawwal 1443,Thursday,38,245
2022,6-May-22,5 Shawwal 1443,Friday,50,290
2022,7-May-22,6 Shawwal 1443,Saturday,54,320
2022,8-May-22,7 Shawwal 1443,Sunday,54,325
2022,9-May-22,8 Shawwal 1443,Monday,56,290
2022,10-May-22,9 Shawwal 1443,Tuesday,56,275
2022,11-May-22,10 Shawwal 1443,Wednesday,44,275
2022,12-May-22,11 Shawwal 1443,Thursday,28,285
2022,13-May-22,12 Shawwal 1443,Friday,30,290
2022,14-May-22,13 Shawwal 1443,Saturday,32,290
2022,15-May-22,14 Shawwal 1443,Sunday,32,280
2022,16-May-22,15 Shawwal 1443,Monday,32,275
2022,17-May-22,16 Shawwal 1443,Tuesday,36,285
2022,18-May-22,17 Shawwal 1443,Wednesday,40,295
2022,19-May-22,18 Shawwal 1443,Thursday,42,305
2022,20-May-22,19 Shawwal 1443,Friday,44,290
2022,21-May-22,20 Shawwal 1443,Saturday,46,280
2022,22-May-22,21 Shawwal 1443,Sunday,46,285
2022,23-May-22,22 Shawwal 1443,Monday,46,285
2022,24-May-22,23 Shawwal 1443,Tuesday,48,285
2022,25-May-22,24 Shawwal 1443,Wednesday,48,285
2022,26-May-22,25 Shawwal 1443,Thursday,50,280
2022,27-May-22,26 Shawwal 1443,Friday,50,275
2022,28-May-22,27 Shawwal 1443,Saturday,50,270
2022,29-May-22,28 Shawwal 1443,Sunday,50,270
2022,30-May-22,29 Shawwal 1443,Monday,50,270
2022,31-May-22,1 Dhul Qadah 1443,Tuesday,44,270
2022,1-Jun-22,2 Dhul Qadah 1443,Wednesday,32,275
2022,2-Jun-22,3 Dhul Qadah 1443,Thursday,26,275
2022,3-Jun-22,4 Dhul Qadah 1443,Friday,26,275
2022,4-Jun-22,5 Dhul Qadah 1443,Saturday,26,260
2022,5-Jun-22,6 Dhul Qadah 1443,Sunday,24,255
2022,6-Jun-22,7 Dhul Qadah 1443,Monday,22,245
2022,7-Jun-22,8 Dhul Qadah 1443,Tuesday,22,240
2022,8-Jun-22,9 Dhul Qadah 1443,Wednesday,22,230
2022,9-Jun-22,10 Dhul Qadah 1443,Thursday,20,230
2022,10-Jun-22,11 Dhul Qadah 1443,Friday,14,220
2022,11-Jun-22,12 Dhul Qadah 1443,Saturday,14,220
2022,12-Jun-22,13 Dhul Qadah 1443,Sunday,20,220
2022,13-Jun-22,14 Dhul Qadah 1443,Monday,26,235
2022,14-Jun-22,15 Dhul Qadah 1443,Tuesday,42,250
2022,15-Jun-22,16 Dhul Qadah 1443,Wednesday,46,255
2022,16-Jun-22,17 Dhul Qadah 1443,Thursday,52,270
2022,17-Jun-22,18 Dhul Qadah 1443,Friday,54,270
2022,18-Jun-22,19 Dhul Qadah 1443,Saturday,54,265
2022,19-Jun-22,20 Dhul Qadah 1443,Sunday,46,260
2022,20-Jun-22,21 Dhul Qadah 1443,Monday,40,260
2022,21-Jun-22,22 Dhul Qadah 1443,Tuesday,30,260
2022,22-Jun-22,23 Dhul Qadah 1443,Wednesday,30,255
2022,23-Jun-22,24 Dhul Qadah 1443,Thursday,34,250
2022,24-Jun-22,25 Dhul Qadah 1443,Friday,34,235
2022,25-Jun-22,26 Dhul Qadah 1443,Saturday,36,225
2022,26-Jun-22,27 Dhul Qadah 1443,Sunday,38,230
2022,27-Jun-22,28 Dhul Qadah 1443,Monday,40,250
2022,28-Jun-22,29 Dhul Qadah 1443,Tuesday,42,250
2022,29-Jun-22,30 Dhul Qadah 1443,Wednesday,44,240
2022,30-Jun-22,1 Dhul Hijjah 1443,Thursday,44,225
2022,1-Jul-22,2 Dhul Hijjah 1443,Friday,44,225
2022,2-Jul-22,3 Dhul Hijjah 1443,Saturday,46,240
2022,3-Jul-22,4 Dhul Hijjah 1443,Sunday,46,240
2022,4-Jul-22,5 Dhul Hijjah 1443,Monday,46,230
2022,5-Jul-22,6 Dhul Hijjah 1443,Tuesday,48,225
2022,6-Jul-22,7 Dhul Hijjah 1443,Wednesday,48,225
2022,7-Jul-22,8 Dhul Hijjah 1443,Thursday,52,235
2022,8-Jul-22,9 Dhul Hijjah 1443,Friday,52,240
2022,9-Jul-22,10 Dhul Hijjah 1443,Saturday,52,245
2022,10-Jul-22,11 Dhul Hijjah 1443,Sunday,52,245
2022,11-Jul-22,12 Dhul Hijjah 1443,Monday,52,245
2022,12-Jul-22,13 Dhul Hijjah 1443,Tuesday,52,245
2022,13-Jul-22,14 Dhul Hijjah 1443,Wednesday,52,245
2022,14-Jul-22,15 Dhul Hijjah 1443,Thursday,58,240
2022,15-Jul-22,16 Dhul Hijjah 1443,Friday,60,230
2022,16-Jul-22,17 Dhul Hijjah 1443,Saturday,62,230
2022,17-Jul-22,18 Dhul Hijjah 1443,Sunday,64,250
2022,18-Jul-22,19 Dhul Hijjah 1443,Monday,66,265
2022,19-Jul-22,20 Dhul Hijjah 1443,Tuesday,68,265
2022,20-Jul-22,21 Dhul Hijjah 1443,Wednesday,70,255
2022,21-Jul-22,22 Dhul Hijjah 1443,Thursday,70,250
2022,22-Jul-22,23 Dhul Hijjah 1443,Friday,72,245
2022,23-Jul-22,24 Dhul Hijjah 1443,Saturday,72,245
2022,24-Jul-22,25 Dhul Hijjah 1443,Sunday,72,245
2022,25-Jul-22,26 Dhul Hijjah 1443,Monday,72,250
2022,26-Jul-22,27 Dhul Hijjah 1443,Tuesday,72,250
2022,27-Jul-22,28 Dhul Hijjah 1443,Wednesday,58,240
2022,28-Jul-22,29 Dhul Hijjah 1443,Thursday,48,225
2022,29-Jul-22,30 Dhul Hijjah 1443,Friday,48,220
2022,30-Jul-22,1 Muharram 1444,Saturday,50,220
2022,31-Jul-22,2 Muharram 1444,Sunday,52,215
2022,1-Aug-22,3 Muharram 1444,Monday,54,215
2022,2-Aug-22,4 Muharram 1444,Tuesday,56,220
2022,3-Aug-22,5 Muharram 1444,Wednesday,58,220
2022,4-Aug-22,6 Muharram 1444,Thursday,60,220
2022,5-Aug-22,7 Muharram 1444,Friday,62,215
2022,6-Aug-22,8 Muharram 1444,Saturday,62,215
2022,7-Aug-22,9 Muharram 1444,Sunday,62,220
2022,8-Aug-22,10 Muharram 1444,Monday,62,220
2022,9-Aug-22,11 Muharram 1444,Tuesday,62,220
2022,10-Aug-22,12 Muharram 1444,Wednesday,64,220
2022,11-Aug-22,13 Muharram 1444,Thursday,64,210
2022,12-Aug-22,14 Muharram 1444,Friday,66,210
2022,13-Aug-22,15 Muharram 1444,Saturday,66,205
2022,14-Aug-22,16 Muharram 1444,Sunday,67,210
2022,15-Aug-22,17 Muharram 1444,Monday,68,210
2022,16-Aug-22,18 Muharram 1444,Tuesday,70,215
2022,17-Aug-22,19 Muharram 1444,Wednesday,72,225
2022,18-Aug-22,20 Muharram 1444,Thursday,72,225
2022,19-Aug-22,21 Muharram 1444,Friday,74,220
2022,20-Aug-22,22 Muharram 1444,Saturday,74,215
2022,21-Aug-22,23 Muharram 1444,Sunday,76,210
2022,22-Aug-22,24 Muharram 1444,Monday,76,225
2022,23-Aug-22,25 Muharram 1444,Tuesday,78,225
2022,24-Aug-22,26 Muharram 1444,Wednesday,80,225
2022,25-Aug-22,27 Muharram 1444,Thursday,80,225
2022,26-Aug-22,28 Muharram 1444,Friday,82,220
2022,27-Aug-22,29 Muharram 1444,Saturday,82,225
2022,28-Aug-22,1 Safar 1444,Sunday,82,225
2022,29-Aug-22,2 Safar 1444,Monday,82,220
2022,30-Aug-22,3 Safar 1444,Tuesday,82,225
2022,31-Aug-22,4 Safar 1444,Wednesday,72,225
2022,1-Sep-22,5 Safar 1444,Thursday,74,225
2022,2-Sep-22,6 Safar 1444,Friday,74,230
2022,3-Sep-22,7 Safar 1444,Saturday,76,230
2022,4-Sep-22,8 Safar 1444,Sunday,77,235
2022,5-Sep-22,9 Safar 1444,Monday,78,245
2022,6-Sep-22,10 Safar 1444,Tuesday,80,245
2022,7-Sep-22,11 Safar 1444,Wednesday,82,240
2022,8-Sep-22,12 Safar 1444,Thursday,82,240
2022,9-Sep-22,13 Safar 1444,Friday,82,235
2022,10-Sep-22,14 Safar 1444,Saturday,82,240
2022,11-Sep-22,15 Safar 1444,Sunday,82,240
2022,12-Sep-22,16 Safar 1444,Monday,82,230
2022,13-Sep-22,17 Safar 1444,Tuesday,72,220
2022,14-Sep-22,18 Safar 1444,Wednesday,74,225
2022,15-Sep-22,19 Safar 1444,Thursday,74,230
2022,16-Sep-22,20 Safar 1444,Friday,76,235
2022,17-Sep-22,21 Safar 1444,Saturday,76,235
2022,18-Sep-22,22 Safar 1444,Sunday,76,230
2022,19-Sep-22,23 Safar 1444,Monday,76,235
2022,20-Sep-22,24 Safar 1444,Tuesday,76,242
2022,21-Sep-22,25 Safar 1444,Wednesday,78,250
2022,22-Sep-22,26 Safar 1444,Thursday,80,255
2022,23-Sep-22,27 Safar 1444,Friday,80,255
2022,24-Sep-22,28 Safar 1444,Saturday,80,250
2022,25-Sep-22,29 Safar 1444,Sunday,81,255
2022,26-Sep-22,30 Safar 1444,Monday,82,255
2022,27-Sep-22,1 Rabi Al-Awwal 1444,Tuesday,82,255
2022,28-Sep-22,2 Rabi Al-Awwal 1444,Wednesday,84,255
2022,29-Sep-22,3 Rabi Al-Awwal 1444,Thursday,72,255
2022,30-Sep-22,4 Rabi Al-Awwal 1444,Friday,66,255
2022,1-Oct-22,5 Rabi Al-Awwal 1444,Saturday,66,255
2022,2-Oct-22,6 Rabi Al-Awwal 1444,Sunday,69,255
2022,3-Oct-22,7 Rabi Al-Awwal 1444,Monday,72,265
2022,4-Oct-22,8 Rabi Al-Awwal 1444,Tuesday,72,265
2022,5-Oct-22,9 Rabi Al-Awwal 1444,Wednesday,74,255
2022,6-Oct-22,10 Rabi Al-Awwal 1444,Thursday,74,255
2022,7-Oct-22,11 Rabi Al-Awwal 1444,Friday,74,245
2022,8-Oct-22,12 Rabi Al-Awwal 1444,Saturday,64,250
2022,9-Oct-22,13 Rabi Al-Awwal 1444,Sunday,64,260
2022,10-Oct-22,14 Rabi Al-Awwal 1444,Monday,64,250
2022,11-Oct-22,15 Rabi Al-Awwal 1444,Tuesday,64,240
2022,12-Oct-22,16 Rabi Al-Awwal 1444,Wednesday,64,245
2022,13-Oct-22,17 Rabi Al-Awwal 1444,Thursday,62,250
2022,14-Oct-22,18 Rabi Al-Awwal 1444,Friday,56,250
2022,15-Oct-22,19 Rabi Al-Awwal 1444,Saturday,56,240
2022,16-Oct-22,20 Rabi Al-Awwal 1444,Sunday,56,245
2022,17-Oct-22,21 Rabi Al-Awwal 1444,Monday,56,245
2022,18-Oct-22,22 Rabi Al-Awwal 1444,Tuesday,58,245
2022,19-Oct-22,23 Rabi Al-Awwal 1444,Wednesday,60,240
2022,20-Oct-22,24 Rabi Al-Awwal 1444,Thursday,62,235
2022,21-Oct-22,25 Rabi Al-Awwal 1444,Friday,66,240
2022,22-Oct-22,26 Rabi Al-Awwal 1444,Saturday,68,245
2022,23-Oct-22,27 Rabi Al-Awwal 1444,Sunday,68,235
2022,24-Oct-22,28 Rabi Al-Awwal 1444,Monday,68,235
2022,25-Oct-22,29 Rabi Al-Awwal 1444,Tuesday,58,230
2022,26-Oct-22,1 Rabi Al-Thani,Wednesday,54,230
2022,27-Oct-22,2 Rabi Al-Thani,Thursday,56,230
2022,28-Oct-22,3 Rabi Al-Thani,Friday,56,230
2022,29-Oct-22,4 Rabi Al-Thani,Saturday,48,225
2022,30-Oct-22,5 Rabi Al-Thani,Sunday,45,225
2022,31-Oct-22,6 Rabi Al-Thani,Monday,42,220
2022,1-Nov-22,7 Rabi Al-Thani,Tuesday,40,220
2022,2-Nov-22,8 Rabi Al-Thani,Wednesday,36,220
2022,3-Nov-22,9 Rabi Al-Thani,Thursday,42,220
2022,4-Nov-22,10 Rabi Al-Thani,Friday,46,225
2022,5-Nov-22,11 Rabi Al-Thani,Saturday,52,225
2022,6-Nov-22,12 Rabi Al-Thani,Sunday,52,228
2022,7-Nov-22,13 Rabi Al-Thani,Monday,54,228
2022,8-Nov-22,14 Rabi Al-Thani,Tuesday,54,227
2022,9-Nov-22,15 Rabi Al-Thani,Wednesday,50,225
2022,10-Nov-22,16 Rabi Al-Thani,Thursday,42,225
2022,11-Nov-22,17 Rabi Al-Thani,Friday,44,228
2022,12-Nov-22,18 Rabi Al-Thani,Saturday,46,232
2022,13-Nov-22,19 Rabi Al-Thani,Sunday,47,235
2022,14-Nov-22,20 Rabi Al-Thani,Monday,48,235
2022,15-Nov-22,21 Rabi Al-Thani,Tuesday,44,235
2022,16-Nov-22,22 Rabi Al-Thani,Wednesday,34,232
2022,17-Nov-22,23 Rabi Al-Thani,Thursday,36,240
2022,18-Nov-22,24 Rabi Al-Thani,Friday,38,255
2022,19-Nov-22,25 Rabi Al-Thani,Saturday,34,255
2022,20-Nov-22,26 Rabi Al-Thani,Sunday,30,245
2022,21-Nov-22,27 Rabi Al-Thani,Monday,26,240
2022,22-Nov-22,28 Rabi Al-Thani,Tuesday,22,240
2022,23-Nov-22,29 Rabi Al-Thani,Wednesday,26,245
2022,24-Nov-22,30 Rabi Al-Thani,Thursday,32,255
2022,25-Nov-22,1 Jumada Al-Awwal,Friday,34,255
2022,26-Nov-22,2 Jumada Al-Awwal,Saturday,36,247
2022,27-Nov-22,3 Jumada Al-Awwal,Sunday,36,248
2022,28-Nov-22,4 Jumada Al-Awwal,Monday,36,245
2022,29-Nov-22,5 Jumada Al-Awwal,Tuesday,26,252
2022,30-Nov-22,6 Jumada Al-Awwal,Wednesday,28,252
2022,1-Dec-22,7 Jumada Al-Awwal,Thursday,28,250
2022,2-Dec-22,8 Jumada Al-Awwal,Friday,30,250
2022,3-Dec-22,9 Jumada Al-Awwal,Saturday,24,250
2022,4-Dec-22,10 Jumada Al-Awwal,Sunday,23,245
2022,5-Dec-22,11 Jumada Al-Awwal,Monday,22,245
2022,6-Dec-22,12 Jumada Al-Awwal,Tuesday,18,240
2022,7-Dec-22,13 Jumada Al-Awwal,Wednesday,18,235
2022,8-Dec-22,14 Jumada Al-Awwal,Thursday,18,234
2022,9-Dec-22,15 Jumada Al-Awwal,Friday,22,238
2022,10-Dec-22,16 Jumada Al-Awwal,Saturday,26,238
2022,11-Dec-22,17 Jumada Al-Awwal,Sunday,28,238
2022,12-Dec-22,18 Jumada Al-Awwal,Monday,28,238
2022,13-Dec-22,19 Jumada Al-Awwal,Tuesday,30,238
2022,14-Dec-22,20 Jumada Al-Awwal,Wednesday,30,240
2022,15-Dec-22,21 Jumada Al-Awwal,Thursday,32,255
2022,16-Dec-22,22 Jumada Al-Awwal,Friday,34,258
2022,17-Dec-22,23 Jumada Al-Awwal,Saturday,34,260
2022,18-Dec-22,24 Jumada Al-Awwal,Sunday,36,260
2022,19-Dec-22,25 Jumada Al-Awwal,Monday,36,260
2022,20-Dec-22,26 Jumada Al-Awwal,Tuesday,52,288
2022,21-Dec-22,27 Jumada Al-Awwal,Wednesday,54,304
2022,22-Dec-22,28 Jumada Al-Awwal,Thursday,56,288
2022,23-Dec-22,29 Jumada Al-Awwal,Friday,58,282
2022,24-Dec-22,30 Jumada Al-Awwal,Saturday,46,270
2022,25-Dec-22,1 Jumada Al-Thani,Sunday,43,270
2022,26-Dec-22,2 Jumada Al-Thani,Monday,40,286
2022,27-Dec-22,3 Jumada Al-Thani,Tuesday,42,285
2022,28-Dec-22,4 Jumada Al-Thani,Wednesday,42,278
2022,29-Dec-22,5 Jumada Al-Thani,Thursday,44,280
2022,30-Dec-22,6 Jumada Al-Thani,Friday,44,280
2022,31-Dec-22,7 Jumada Al-Thani,Saturday,52,292
2023,1-Jan-23,8 Jumada Al-Thani,Sunday,56,304
2023,2-Jan-23,9 Jumada Al-Thani,Monday,62,304
2023,3-Jan-23,10 Jumada Al-Thani,Tuesday,72,305
2023,4-Jan-23,11 Jumada Al-Thani,Wednesday,74,318
2023,5-Jan-23,12 Jumada Al-Thani,Thursday,82,324
2023,6-Jan-23,13 Jumada Al-Thani,Friday,84,348
2023,7-Jan-23,14 Jumada Al-Thani,Saturday,86,355
2023,8-Jan-23,15 Jumada Al-Thani,Sunday,86,350
2023,9-Jan-23,16 Jumada Al-Thani,Monday,86,348
2023,10-Jan-23,17 Jumada Al-Thani,Tuesday,78,336
2023,11-Jan-23,18 Jumada Al-Thani,Wednesday,66,328
2023,12-Jan-23,19 Jumada Al-Thani,Thursday,60,310
2023,13-Jan-23,20 Jumada Al-Thani,Friday,64,310
2023,14-Jan-23,21 Jumada Al-Thani,Saturday,70,325
2023,15-Jan-23,22 Jumada Al-Thani,Sunday,70,325
2023,16-Jan-23,23 Jumada Al-Thani,Monday,72,312
2023,17-Jan-23,24 Jumada Al-Thani,Tuesday,72,308
2023,18-Jan-23,25 Jumada Al-Thani,Wednesday,74,318
2023,19-Jan-23,26 Jumada Al-Thani,Thursday,76,322
2023,20-Jan-23,27 Jumada Al-Thani,Friday,78,315
2023,21-Jan-23,28 Jumada Al-Thani,Saturday,68,310
2023,22-Jan-23,29 Jumada Al-Thani,Sunday,68,310
2023,23-Jan-23,1 Rajab 1444,Monday,68,310
2023,24-Jan-23,2 Rajab 1444,Tuesday,70,313
2023,25-Jan-23,3 Rajab 1444,Wednesday,70,313
2023,26-Jan-23,4 Rajab 1444,Thursday,72,310
2023,27-Jan-23,5 Rajab 1444,Friday,72,310
2023,28-Jan-23,6 Rajab 1444,Saturday,72,310
2023,29-Jan-23,7 Rajab 1444,Sunday,70,305
2023,30-Jan-23,8 Rajab 1444,Monday,66,308
2023,31-Jan-23,9 Rajab 1444,Tuesday,68,324
2023,1-Feb-23,10 Rajab 1444,Wednesday,68,324
2023,2-Feb-23,11 Rajab 1444,Thursday,74,327
2023,3-Feb-23,12 Rajab 1444,Friday,74,338
2023,4-Feb-23,13 Rajab 1444,Saturday,76,338
2023,5-Feb-23,14 Rajab 1444,Sunday,76,333
2023,6-Feb-23,15 Rajab 1444,Monday,78,330
2023,7-Feb-23,16 Rajab 1444,Tuesday,78,338
2023,8-Feb-23,17 Rajab 1444,Wednesday,80,338
2023,9-Feb-23,18 Rajab 1444,Thursday,70,353
2023,10-Feb-23,19 Rajab 1444,Friday,72,364
2023,11-Feb-23,20 Rajab 1444,Saturday,72,375
2023,12-Feb-23,21 Rajab 1444,Sunday,73,385
2023,13-Feb-23,22 Rajab 1444,Monday,74,390
2023,14-Feb-23,23 Rajab 1444,Tuesday,74,390
2023,15-Feb-23,24 Rajab 1444,Wednesday,62,390
2023,16-Feb-23,25 Rajab 1444,Thursday,52,395
2023,17-Feb-23,26 Rajab 1444,Friday,56,408
2023,18-Feb-23,27 Rajab 1444,Saturday,58,408
2023,19-Feb-23,28 Rajab 1444,Sunday,58,408
2023,20-Feb-23,29 Rajab 1444,Monday,58,402
2023,21-Feb-23,1 Shaban 1444,Tuesday,54,400
2023,22-Feb-23,2 Shaban 1444,Wednesday,56,405
2023,23-Feb-23,3 Shaban 1444,Thursday,60,407
2023,24-Feb-23,4 Shaban 1444,Friday,64,407
2023,25-Feb-23,5 Shaban 1444,Saturday,70,410
2023,26-Feb-23,6 Shaban 1444,Sunday,72,410
2023,27-Feb-23,7 Shaban 1444,Monday,74,395
2023,28-Feb-23,8 Shaban 1444,Tuesday,80,392
2023,1-Mar-23,9 Shaban 1444,Wednesday,82,392
2023,2-Mar-23,10 Shaban 1444,Thursday,84,392
2023,3-Mar-23,11 Shaban 1444,Friday,84,388
2023,4-Mar-23,12 Shaban 1444,Saturday,78,382
2023,5-Mar-23,13 Shaban 1444,Sunday,72,380
2023,6-Mar-23,14 Shaban 1444,Monday,66,372
2023,7-Mar-23,15 Shaban 1444,Tuesday,68,372
2023,8-Mar-23,16 Shaban 1444,Wednesday,70,365
2023,9-Mar-23,17 Shaban 1444,Thursday,70,365
2023,10-Mar-23,18 Shaban 1444,Friday,72,378
2023,11-Mar-23,19 Shaban 1444,Saturday,72,385
2023,12-Mar-23,20 Shaban 1444,Sunday,72,385
2023,13-Mar-23,21 Shaban 1444,Monday,72,375
2023,14-Mar-23,22 Shaban 1444,Tuesday,56,365
2023,15-Mar-23,23 Shaban 1444,Wednesday,48,365
2023,16-Mar-23,24 Shaban 1444,Thursday,42,352
2023,17-Mar-23,25 Shaban 1444,Friday,34,340
2023,18-Mar-23,26 Shaban 1444,Saturday,34,343
2023,19-Mar-23,27 Shaban 1444,Sunday,30,342
2023,20-Mar-23,28 Shaban 1444,Monday,26,320
2023,21-Mar-23,29 Shaban 1444,Tuesday,26,315
2023,22-Mar-23,30 Shaban 1444,Wednesday,26,310
2023,23-Mar-23,1 Ramadan 1444,Thursday,26,310
2023,24-Mar-23,2 Ramadan 1444,Friday,26,298
2023,25-Mar-23,3 Ramadan 1444,Saturday,18,305
2023,26-Mar-23,4 Ramadan 1444,Sunday,18,305
2023,27-Mar-23,5 Ramadan 1444,Monday,18,295
2023,28-Mar-23,6 Ramadan 1444,Tuesday,14,290
2023,29-Mar-23,7 Ramadan 1444,Wednesday,14,275
2023,30-Mar-23,8 Ramadan 1444,Thursday,14,273
2023,31-Mar-23,9 Ramadan 1444,Friday,14,275
2023,1-Apr-23,10 Ramadan 1444,Saturday,14,278
2023,2-Apr-23,11 Ramadan 1444,Sunday,30,287
2023,3-Apr-23,12 Ramadan 1444,Monday,46,315
2023,4-Apr-23,13 Ramadan 1444,Tuesday,50,335
2023,5-Apr-23,14 Ramadan 1444,Wednesday,52,330
2023,6-Apr-23,15 Ramadan 1444,Thursday,40,323
2023,7-Apr-23,16 Ramadan 1444,Friday,26,324
2023,8-Apr-23,17 Ramadan 1444,Saturday,36,340
2023,9-Apr-23,18 Ramadan 1444,Sunday,42,355
2023,10-Apr-23,19 Ramadan 1444,Monday,46,340
2023,11-Apr-23,20 Ramadan 1444,Tuesday,48,340
2023,12-Apr-23,21 Ramadan 1444,Wednesday,40,335
2023,13-Apr-23,22 Ramadan 1444,Thursday,42,342
2023,14-Apr-23,23 Ramadan 1444,Friday,46,340
2023,15-Apr-23,24 Ramadan 1444,Saturday,48,340
2023,16-Apr-23,25 Ramadan 1444,Sunday,50,335
2023,17-Apr-23,26 Ramadan 1444,Monday,52,325
2023,18-Apr-23,27 Ramadan 1444,Tuesday,56,322
2023,19-Apr-23,28 Ramadan 1444,Wednesday,62,330
2023,20-Apr-23,29 Ramadan 1444,Thursday,66,333
2023,21-Apr-23,1 Shawwal 1444,Friday,66,342
2023,22-Apr-23,2 Shawwal 1444,Saturday,66,355
2023,23-Apr-23,3 Shawwal 1444,Sunday,66,355
2023,24-Apr-23,4 Shawwal 1444,Monday,66,355
2023,25-Apr-23,5 Shawwal 1444,Tuesday,66,340
2023,26-Apr-23,6 Shawwal 1444,Wednesday,72,335
2023,27-Apr-23,7 Shawwal 1444,Thursday,76,340
2023,28-Apr-23,8 Shawwal 1444,Friday,82,360
2023,29-Apr-23,9 Shawwal 1444,Saturday,86,365
2023,1-May-23,11 Shawwal 1444,Monday,94,370
2023,2-May-23,12 Shawwal 1444,Tuesday,102,370
2023,3-May-23,13 Shawwal 1444,Wednesday,102,373
2023,4-May-23,14 Shawwal 1444,Thursday,104,380
2023,5-May-23,15 Shawwal 1444,Friday,104,380
2023,6-May-23,16 Shawwal 1444,Saturday,86,376
2023,7-May-23,17 Shawwal 1444,Sunday,87,372
2023,8-May-23,18 Shawwal 1444,Monday,88,375
2023,9-May-23,19 Shawwal 1444,Tuesday,88,378
2023,10-May-23,20 Shawwal 1444,Wednesday,90,378
2023,11-May-23,21 Shawwal 1444,Thursday,90,380
2023,12-May-23,22 Shawwal 1444,Friday,92,375
2023,13-May-23,23 Shawwal 1444,Saturday,92,380
2023,14-May-23,24 Shawwal 1444,Sunday,93,383
2023,15-May-23,25 Shawwal 1444,Monday,94,388
2023,16-May-23,26 Shawwal 1444,Tuesday,94,395
2023,17-May-23,27 Shawwal 1444,Wednesday,96,405
2023,18-May-23,28 Shawwal 1444,Thursday,96,402
2023,19-May-23,29 Shawwal 1444,Friday,84,392
2023,20-May-23,30 Shawwal 1444,Saturday,72,380
2023,21-May-23,1 Dhul Qadah 1444,Sunday,73,377
2023,22-May-23,2 Dhul Qadah 1444,Monday,74,380
2023,23-May-23,3 Dhul Qadah 1444,Tuesday,74,380
2023,24-May-23,4 Dhul Qadah 1444,Wednesday,58,365
2023,25-May-23,5 Dhul Qadah 1444,Thursday,46,358
2023,26-May-23,6 Dhul Qadah 1444,Friday,48,353
2023,27-May-23,7 Dhul Qadah 1444,Saturday,52,350
2023,28-May-23,8 Dhul Qadah 1444,Sunday,59,365
2023,29-May-23,9 Dhul Qadah 1444,Monday,66,365
2023,30-May-23,10 Dhul Qadah 1444,Tuesday,76,368
2023,31-May-23,11 Dhul Qadah 1444,Wednesday,80,370
2023,1-Jun-23,12 Dhul Qadah 1444,Thursday,84,370
2023,2-Jun-23,13 Dhul Qadah 1444,Friday,82,378
2023,3-Jun-23,14 Dhul Qadah 1444,Saturday,84,380
2023,4-Jun-23,15 Dhul Qadah 1444,Sunday,84,390
2023,5-Jun-23,16 Dhul Qadah 1444,Monday,86,400
2023,6-Jun-23,17 Dhul Qadah 1444,Tuesday,86,408
2023,7-Jun-23,18 Dhul Qadah 1444,Wednesday,86,408
2023,8-Jun-23,19 Dhul Qadah 1444,Thursday,86,404
2023,9-Jun-23,20 Dhul Qadah 1444,Friday,72,395
2023,10-Jun-23,21 Dhul Qadah 1444,Saturday,74,380
2023,11-Jun-23,22 Dhul Qadah 1444,Sunday,75,388
2023,12-Jun-23,23 Dhul Qadah 1444,Monday,76,395
2023,13-Jun-23,24 Dhul Qadah 1444,Tuesday,82,406
2023,14-Jun-23,25 Dhul Qadah 1444,Wednesday,84,404
2023,15-Jun-23,26 Dhul Qadah 1444,Thursday,86,400
2023,16-Jun-23,27 Dhul Qadah 1444,Friday,88,398
2023,17-Jun-23,28 Dhul Qadah 1444,Saturday,88,405
2023,18-Jun-23,29 Dhul Qadah 1444,Sunday,89,410
2023,19-Jun-23,1 Dhul Hijjah 1444,Monday,90,414
2023,20-Jun-23,2 Dhul Hijjah 1444,Tuesday,90,412
2023,21-Jun-23,3 Dhul Hijjah 1444,Wednesday,92,402
2023,22-Jun-23,4 Dhul Hijjah 1444,Thursday,92,396
2023,23-Jun-23,5 Dhul Hijjah 1444,Friday,76,404
2023,24-Jun-23,6 Dhul Hijjah 1444,Saturday,78,408
2023,25-Jun-23,7 Dhul Hijjah 1444,Sunday,82,412
2023,26-Jun-23,8 Dhul Hijjah 1444,Monday,86,412
2023,27-Jun-23,9 Dhul Hijjah 1444,Tuesday,86,413
2023,28-Jun-23,10 Dhul Hijjah 1444,Wednesday,86,412
2023,29-Jun-23,11 Dhul Hijjah 1444,Thursday,86,415
2023,30-Jun-23,12 Dhul Hijjah 1444,Friday,84,415
2023,1-Jul-23,13 Dhul Hijjah 1444,Saturday,84,415
2023,2-Jul-23,14 Dhul Hijjah 1444,Sunday,86,415
2023,3-Jul-23,15 Dhul Hijjah 1444,Monday,88,412
2023,4-Jul-23,16 Dhul Hijjah 1444,Tuesday,88,402
2023,5-Jul-23,17 Dhul Hijjah 1444,Wednesday,90,390
2023,6-Jul-23,18 Dhul Hijjah 1444,Thursday,90,378
2023,7-Jul-23,19 Dhul Hijjah 1444,Friday,82,378
2023,8-Jul-23,20 Dhul Hijjah 1444,Saturday,84,388
2023,9-Jul-23,21 Dhul Hijjah 1444,Sunday,85,393
2023,10-Jul-23,22 Dhul Hijjah 1444,Monday,86,393
2023,11-Jul-23,23 Dhul Hijjah 1444,Tuesday,88,388
2023,12-Jul-23,24 Dhul Hijjah 1444,Wednesday,88,388
2023,13-Jul-23,25 Dhul Hijjah 1444,Thursday,90,392
2023,14-Jul-23,26 Dhul Hijjah 1444,Friday,90,392
2023,15-Jul-23,27 Dhul Hijjah 1444,Saturday,82,392
2023,16-Jul-23,28 Dhul Hijjah 1444,Sunday,82,383
2023,17-Jul-23,29 Dhul Hijjah 1444,Monday,82,375
2023,18-Jul-23,30 Dhul Hijjah 1444,Tuesday,76,363
2023,19-Jul-23,1 Muharram 1445,Wednesday,62,366
2023,20-Jul-23,2 Muharram 1445,Thursday,56,362
2023,21-Jul-23,3 Muharram 1445,Friday,58,363
2023,22-Jul-23,4 Muharram 1445,Saturday,66,367
2023,23-Jul-23,5 Muharram 1445,Sunday,68,370
2023,24-Jul-23,6 Muharram 1445,Monday,68,370
2023,25-Jul-23,7 Muharram 1445,Tuesday,70,364
2023,26-Jul-23,8 Muharram 1445,Wednesday,70,364
2023,27-Jul-23,9 Muharram 1445,Thursday,72,358
2023,28-Jul-23,10 Muharram 1445,Friday,72,355
2023,29-Jul-23,11 Muharram 1445,Saturday,72,350
2023,30-Jul-23,12 Muharram 1445,Sunday,72,350
2023,31-Jul-23,13 Muharram 1445,Monday,74,353
2023,1-Aug-23,14 Muharram 1445,Tuesday,74,360
2023,2-Aug-23,15 Muharram 1445,Wednesday,76,356
2023,3-Aug-23,16 Muharram 1445,Thursday,76,346
2023,4-Aug-23,17 Muharram 1445,Friday,68,340
2023,5-Aug-23,18 Muharram 1445,Saturday,68,340
2023,6-Aug-23,19 Muharram 1445,Sunday,70,342
2023,7-Aug-23,20 Muharram 1445,Monday,72,340
2023,8-Aug-23,21 Muharram 1445,Tuesday,76,340
2023,9-Aug-23,22 Muharram 1445,Wednesday,80,340
2023,10-Aug-23,23 Muharram 1445,Thursday,86,347
2023,11-Aug-23,24 Muharram 1445,Friday,92,355
2023,12-Aug-23,25 Muharram 1445,Saturday,92,352
2023,13-Aug-23,26 Muharram 1445,Sunday,92,345
2023,14-Aug-23,27 Muharram 1445,Monday,92,353
2023,15-Aug-23,28 Muharram 1445,Tuesday,92,352
2023,16-Aug-23,29 Muharram 1445,Wednesday,92,352
2023,17-Aug-23,1 Safar 1445,Thursday,94,364
2023,18-Aug-23,2 Safar 1445,Friday,94,364
2023,19-Aug-23,3 Safar 1445,Saturday,94,362
2023,20-Aug-23,4 Safar 1445,Sunday,88,355
2023,21-Aug-23,5 Safar 1445,Monday,84,350
2023,22-Aug-23,6 Safar 1445,Tuesday,84,350
2023,23-Aug-23,7 Safar 1445,Wednesday,86,350
2023,24-Aug-23,8 Safar 1445,Thursday,86,335
2023,25-Aug-23,9 Safar 1445,Friday,86,337
2023,26-Aug-23,10 Safar 1445,Saturday,86,342
2023,27-Aug-23,11 Safar 1445,Sunday,87,338
2023,28-Aug-23,12 Safar 1445,Monday,88,332
2023,29-Aug-23,13 Safar 1445,Tuesday,88,332
2023,30-Aug-23,14 Safar 1445,Wednesday,88,332
2023,31-Aug-23,15 Safar 1445,Thursday,92,336
2023,1-Sep-23,16 Safar 1445,Friday,92,336
2023,2-Sep-23,17 Safar 1445,Saturday,92,332
2023,3-Sep-23,18 Safar 1445,Sunday,92,325
2023,4-Sep-23,19 Safar 1445,Monday,92,325
2023,5-Sep-23,20 Safar 1445,Tuesday,92,323
2023,6-Sep-23,21 Safar 1445,Wednesday,92,323
2023,7-Sep-23,22 Safar 1445,Thursday,92,320
2023,8-Sep-23,23 Safar 1445,Friday,92,323
2023,9-Sep-23,24 Safar 1445,Saturday,92,322
2023,10-Sep-23,25 Safar 1445,Sunday,92,317
2023,11-Sep-23,26 Safar 1445,Monday,92,317
2023,12-Sep-23,27 Safar 1445,Tuesday,92,315
2023,13-Sep-23,28 Safar 1445,Wednesday,92,306
2023,14-Sep-23,29 Safar 1445,Thursday,92,300
2023,15-Sep-23,30 Safar 1445,Friday,92,304
2023,16-Sep-23,1 Rabi Al-Awwal 1445,Saturday,92,313
2023,17-Sep-23,2 Rabi Al-Awwal 1445,Sunday,94,313
2023,18-Sep-23,3 Rabi Al-Awwal 1445,Monday,96,318
2023,19-Sep-23,4 Rabi Al-Awwal 1445,Tuesday,96,335
2023,20-Sep-23,5 Rabi Al-Awwal 1445,Wednesday,96,342
2023,21-Sep-23,6 Rabi Al-Awwal 1445,Thursday,96,338
2023,22-Sep-23,7 Rabi Al-Awwal 1445,Friday,96,332
2023,23-Sep-23,8 Rabi Al-Awwal 1445,Saturday,96,325
2023,24-Sep-23,9 Rabi Al-Awwal 1445,Sunday,96,325
2023,25-Sep-23,10 Rabi Al-Awwal 1445,Monday,96,325
2023,26-Sep-23,11 Rabi Al-Awwal 1445,Tuesday,96,326
2023,27-Sep-23,12 Rabi Al-Awwal 1445,Wednesday,98,326
2023,28-Sep-23,13 Rabi Al-Awwal 1445,Thursday,98,325
2023,29-Sep-23,14 Rabi Al-Awwal 1445,Friday,98,325
2023,30-Sep-23,15 Rabi Al-Awwal 1445,Saturday,98,325
2023,1-Oct-23,16 Rabi Al-Awwal 1445,Sunday,98,325
2023,2-Oct-23,17 Rabi Al-Awwal 1445,Monday,98,325
2023,3-Oct-23,18 Rabi Al-Awwal 1445,Tuesday,98,320
2023,4-Oct-23,19 Rabi Al-Awwal 1445,Wednesday,98,322
2023,5-Oct-23,20 Rabi Al-Awwal 1445,Thursday,98,325
2023,6-Oct-23,21 Rabi Al-Awwal 1445,Friday,98,333
2023,7-Oct-23,22 Rabi Al-Awwal 1445,Saturday,98,333
2023,8-Oct-23,23 Rabi Al-Awwal 1445,Sunday,98,333
2023,9-Oct-23,24 Rabi Al-Awwal 1445,Monday,98,325
2023,10-Oct-23,25 Rabi Al-Awwal 1445,Tuesday,98,322
2023,11-Oct-23,26 Rabi Al-Awwal 1445,Wednesday,98,319
2023,12-Oct-23,27 Rabi Al-Awwal 1445,Thursday,98,324
2023,13-Oct-23,28 Rabi Al-Awwal 1445,Friday,98,332
2023,14-Oct-23,29 Rabi Al-Awwal 1445,Saturday,98,322
2023,15-Oct-23,30 Rabi Al-Awwal 1445,Sunday,98,317
2023,16-Oct-23,1 Rabi Al-Thani,Monday,98,322
2023,17-Oct-23,2 Rabi Al-Thani,Tuesday,88,320
2023,18-Oct-23,3 Rabi Al-Thani,Wednesday,84,310
2023,19-Oct-23,4 Rabi Al-Thani,Thursday,80,305
2023,20-Oct-23,5 Rabi Al-Thani,Friday,74,296
2023,21-Oct-23,6 Rabi Al-Thani,Saturday,70,290
2023,22-Oct-23,7 Rabi Al-Thani,Sunday,70,290
2023,23-Oct-23,8 Rabi Al-Thani,Monday,70,290
2023,24-Oct-23,9 Rabi Al-Thani,Tuesday,70,275
2023,25-Oct-23,10 Rabi Al-Thani,Wednesday,64,265
2023,26-Oct-23,11 Rabi Al-Thani,Thursday,52,265
2023,27-Oct-23,12 Rabi Al-Thani,Friday,52,265
2023,28-Oct-23,13 Rabi Al-Thani,Saturday,56,272
2023,29-Oct-23,14 Rabi Al-Thani,Sunday,64,284
2023,30-Oct-23,15 Rabi Al-Thani,Monday,72,295
2023,31-Oct-23,16 Rabi Al-Thani,Tuesday,74,290
2023,1-Nov-23,17 Rabi Al-Thani,Wednesday,74,287
2023,2-Nov-23,18 Rabi Al-Thani,Thursday,78,290
2023,3-Nov-23,19 Rabi Al-Thani,Friday,80,300
2023,4-Nov-23,20 Rabi Al-Thani,Saturday,80,294
2023,5-Nov-23,21 Rabi Al-Thani,Sunday,81,286
2023,6-Nov-23,22 Rabi Al-Thani,Monday,82,280
2023,7-Nov-23,23 Rabi Al-Thani,Tuesday,74,284
2023,8-Nov-23,24 Rabi Al-Thani,Wednesday,74,298
2023,9-Nov-23,25 Rabi Al-Thani,Thursday,74,294
2023,10-Nov-23,26 Rabi Al-Thani,Friday,74,285
2023,11-Nov-23,27 Rabi Al-Thani,Saturday,68,285
2023,12-Nov-23,28 Rabi Al-Thani,Sunday,68,292
2023,13-Nov-23,29 Rabi Al-Thani,Monday,66,290
2023,14-Nov-23,30 Rabi Al-Thani,Tuesday,68,285
2023,15-Nov-23,1 Jumada Al-Awwal,Wednesday,70,293
2023,16-Nov-23,2 Jumada Al-Awwal,Thursday,76,305
2023,17-Nov-23,3 Jumada Al-Awwal,Friday,84,310
2023,18-Nov-23,4 Jumada Al-Awwal,Saturday,86,315
2023,19-Nov-23,5 Jumada Al-Awwal,Sunday,86,315
2023,20-Nov-23,6 Jumada Al-Awwal,Monday,88,310
2023,21-Nov-23,7 Jumada Al-Awwal,Tuesday,90,310
2023,22-Nov-23,8 Jumada Al-Awwal,Wednesday,92,313
2023,23-Nov-23,9 Jumada Al-Awwal,Thursday,94,315
2023,24-Nov-23,10 Jumada Al-Awwal,Friday,94,315
2023,25-Nov-23,11 Jumada Al-Awwal,Saturday,96,312
2023,26-Nov-23,12 Jumada Al-Awwal,Sunday,91,310
2023,27-Nov-23,13 Jumada Al-Awwal,Monday,86,310
2023,28-Nov-23,14 Jumada Al-Awwal,Tuesday,88,305
2023,29-Nov-23,15 Jumada Al-Awwal,Wednesday,88,305
2023,30-Nov-23,16 Jumada Al-Awwal,Thursday,88,300
2023,1-Dec-23,17 Jumada Al-Awwal,Friday,80,302
2023,2-Dec-23,18 Jumada Al-Awwal,Saturday,82,300
2023,3-Dec-23,19 Jumada Al-Awwal,Sunday,82,300
2023,4-Dec-23,20 Jumada Al-Awwal,Monday,82,295
2023,5-Dec-23,21 Jumada Al-Awwal,Tuesday,84,290
2023,6-Dec-23,22 Jumada Al-Awwal,Wednesday,76,290
2023,7-Dec-23,23 Jumada Al-Awwal,Thursday,76,290
2023,8-Dec-23,24 Jumada Al-Awwal,Friday,76,290
2023,9-Dec-23,25 Jumada Al-Awwal,Saturday,76,290
2023,10-Dec-23,26 Jumada Al-Awwal,Sunday,76,290
2023,11-Dec-23,27 Jumada Al-Awwal,Monday,76,285
2023,12-Dec-23,28 Jumada Al-Awwal,Tuesday,76,280
2023,13-Dec-23,29 Jumada Al-Awwal,Wednesday,66,287
2023,14-Dec-23,1 Jumada Al-Thani,Thursday,72,285
2023,15-Dec-23,2 Jumada Al-Thani,Friday,74,290
2023,16-Dec-23,3 Jumada Al-Thani,Saturday,74,290
2023,17-Dec-23,4 Jumada Al-Thani,Sunday,74,285
2023,18-Dec-23,5 Jumada Al-Thani,Monday,74,282
2023,19-Dec-23,6 Jumada Al-Thani,Tuesday,76,276
2023,20-Dec-23,7 Jumada Al-Thani,Wednesday,76,280
2023,21-Dec-23,8 Jumada Al-Thani,Thursday,78,283
2023,22-Dec-23,9 Jumada Al-Thani,Friday,80,283
2023,23-Dec-23,10 Jumada Al-Thani,Saturday,80,283
2023,24-Dec-23,11 Jumada Al-Thani,Sunday,80,283
2023,25-Dec-23,12 Jumada Al-Thani,Monday,80,284
2023,26-Dec-23,13 Jumada Al-Thani,Tuesday,80,284
2023,27-Dec-23,14 Jumada Al-Thani,Wednesday,80,290
2023,28-Dec-23,15 Jumada Al-Thani,Thursday,82,320
2023,29-Dec-23,16 Jumada Al-Thani,Friday,82,335
2023,30-Dec-23,17 Jumada Al-Thani,Saturday,82,335
2023,31-Dec-23,18 Jumada Al-Thani,Sunday,85,335
2024,1-Jan-24,19 Jumada Al-Thani,Monday,88,350
2024,2-Jan-24,20 Jumada Al-Thani,Tuesday,92,350
2024,3-Jan-24,21 Jumada Al-Thani,Wednesday,94,355
2024,4-Jan-24,22 Jumada Al-Thani,Thursday,102,355
2024,5-Jan-24,23 Jumada Al-Thani,Friday,106,375
2024,6-Jan-24,24 Jumada Al-Thani,Saturday,108,375
2024,7-Jan-24,25 Jumada Al-Thani,Sunday,108,380
2024,8-Jan-24,26 Jumada Al-Thani,Monday,110,380
2024,9-Jan-24,27 Jumada Al-Thani,Tuesday,110,365
2024,10-Jan-24,28 Jumada Al-Thani,Wednesday,112,365
2024,11-Jan-24,29 Jumada Al-Thani,Thursday,116,385
2024,12-Jan-24,30 Jumada Al-Thani,Friday,120,390
2024,13-Jan-24,1 Rajab 1445,Saturday,122,390
2024,14-Jan-24,2 Rajab 1445,Sunday,124,390
2024,15-Jan-24,3 Rajab 1445,Monday,126,400
2024,16-Jan-24,4 Rajab 1445,Tuesday,130,420
2024,17-Jan-24,5 Rajab 1445,Wednesday,130,420
2024,18-Jan-24,6 Rajab 1445,Thursday,132,400
2024,19-Jan-24,7 Rajab 1445,Friday,132,395
2024,20-Jan-24,8 Rajab 1445,Saturday,132,400
2024,21-Jan-24,9 Rajab 1445,Sunday,132,400
2024,22-Jan-24,10 Rajab 1445,Monday,132,390
2024,23-Jan-24,11 Rajab 1445,Tuesday,134,385
2024,24-Jan-24,12 Rajab 1445,Wednesday,136,395
2024,25-Jan-24,13 Rajab 1445,Thursday,142,405
2024,26-Jan-24,14 Rajab 1445,Friday,142,410
2024,27-Jan-24,15 Rajab 1445,Saturday,142,410
2024,28-Jan-24,16 Rajab 1445,Sunday,144,410
2024,29-Jan-24,17 Rajab 1445,Monday,146,410
2024,30-Jan-24,18 Rajab 1445,Tuesday,146,410
2024,31-Jan-24,19 Rajab 1445,Wednesday,146,410
2024,1-Feb-24,20 Rajab 1445,Thursday,146,403
2024,2-Feb-24,21 Rajab 1445,Friday,146,400
2024,3-Feb-24,22 Rajab 1445,Saturday,146,395
2024,4-Feb-24,23 Rajab 1445,Sunday,146,405
2024,5-Feb-24,24 Rajab 1445,Monday,146,405
2024,6-Feb-24,25 Rajab 1445,Tuesday,146,405
2024,7-Feb-24,26 Rajab 1445,Wednesday,146,400
2024,8-Feb-24,27 Rajab 1445,Thursday,146,395
2024,9-Feb-24,28 Rajab 1445,Friday,126,395
2024,10-Feb-24,29 Rajab 1445,Saturday,126,400
2024,11-Feb-24,1 Shaban 1445,Sunday,126,400
2024,12-Feb-24,2 Shaban 1445,Monday,126,385
2024,13-Feb-24,3 Shaban 1445,Tuesday,128,380
2024,14-Feb-24,4 Shaban 1445,Wednesday,132,380
2024,15-Feb-24,5 Shaban 1445,Thursday,142,385
2024,16-Feb-24,6 Shaban 1445,Friday,152,390
2024,17-Feb-24,7 Shaban 1445,Saturday,156,385
2024,18-Feb-24,8 Shaban 1445,Sunday,159,385
2024,19-Feb-24,9 Shaban 1445,Monday,162,380
2024,20-Feb-24,10 Shaban 1445,Tuesday,162,380
2024,21-Feb-24,11 Shaban 1445,Wednesday,164,385
2024,22-Feb-24,12 Shaban 1445,Thursday,170,390
2024,23-Feb-24,13 Shaban 1445,Friday,172,395
2024,24-Feb-24,14 Shaban 1445,Saturday,174,395
2024,25-Feb-24,15 Shaban 1445,Sunday,174,395
2024,26-Feb-24,16 Shaban 1445,Monday,174,400
2024,27-Feb-24,17 Shaban 1445,Tuesday,176,400
2024,28-Feb-24,18 Shaban 1445,Wednesday,176,400
2024,29-Feb-24,19 Shaban 1445,Thursday,176,400
2024,1-Mar-24,20 Shaban 1445,Friday,176,390
2024,2-Mar-24,21 Shaban 1445,Saturday,176,380
2024,3-Mar-24,22 Shaban 1445,Sunday,169,370
2024,4-Mar-24,23 Shaban 1445,Monday,162,370
2024,5-Mar-24,24 Shaban 1445,Tuesday,152,370
2024,6-Mar-24,25 Shaban 1445,Wednesday,134,370
2024,7-Mar-24,26 Shaban 1445,Thursday,138,365
2024,8-Mar-24,27 Shaban 1445,Friday,140,370
2024,9-Mar-24,28 Shaban 1445,Saturday,142,370
2024,10-Mar-24,29 Shaban 1445,Sunday,146,370
2024,11-Mar-24,1 Ramadan 1445,Monday,150,370
2024,12-Mar-24,2 Ramadan 1445,Tuesday,152,375
2024,13-Mar-24,3 Ramadan 1445,Wednesday,152,375
2024,14-Mar-24,4 Ramadan 1445,Thursday,152,375
2024,15-Mar-24,5 Ramadan 1445,Friday,152,370
2024,16-Mar-24,6 Ramadan 1445,Saturday,152,375
2024,17-Mar-24,7 Ramadan 1445,Sunday,152,380
2024,18-Mar-24,8 Ramadan 1445,Monday,152,390
2024,19-Mar-24,9 Ramadan 1445,Tuesday,166,390
2024,20-Mar-24,10 Ramadan 1445,Wednesday,166,380
2024,21-Mar-24,11 Ramadan 1445,Thursday,172,380
2024,22-Mar-24,12 Ramadan 1445,Friday,172,380
2024,23-Mar-24,13 Ramadan 1445,Saturday,172,385
2024,24-Mar-24,14 Ramadan 1445,Sunday,176,390
2024,25-Mar-24,15 Ramadan 1445,Monday,182,390
2024,26-Mar-24,16 Ramadan 1445,Tuesday,182,390
2024,27-Mar-24,17 Ramadan 1445,Wednesday,182,400
2024,28-Mar-24,18 Ramadan 1445,Thursday,202,400
2024,29-Mar-24,19 Ramadan 1445,Friday,202,405
2024,30-Mar-24,20 Ramadan 1445,Saturday,202,410
2024,31-Mar-24,21 Ramadan 1445,Sunday,202,415
2024,1-Apr-24,22 Ramadan 1445,Monday,202,418
2024,2-Apr-24,23 Ramadan 1445,Tuesday,202,418
2024,3-Apr-24,24 Ramadan 1445,Wednesday,202,415
2024,4-Apr-24,25 Ramadan 1445,Thursday,202,410
2024,5-Apr-24,26 Ramadan 1445,Friday,202,405
2024,6-Apr-24,27 Ramadan 1445,Saturday,202,410
2024,7-Apr-24,28 Ramadan 1445,Sunday,202,435
2024,8-Apr-24,29 Ramadan 1445,Monday,202,435
2024,9-Apr-24,30 Ramadan 1445,Tuesday,202,435
2024,10-Apr-24,1 Shawwal 1445,Wednesday,202,442
2024,11-Apr-24,2 Shawwal 1445,Thursday,202,450
2024,12-Apr-24,3 Shawwal 1445,Friday,202,460
2024,13-Apr-24,4 Shawwal 1445,Saturday,202,460
2024,14-Apr-24,5 Shawwal 1445,Sunday,212,480
2024,15-Apr-24,6 Shawwal 1445,Monday,222,480
2024,16-Apr-24,7 Shawwal 1445,Tuesday,222,475
2024,17-Apr-24,8 Shawwal 1445,Wednesday,222,475
2024,18-Apr-24,9 Shawwal 1445,Thursday,222,475
2024,19-Apr-24,10 Shawwal 1445,Friday,222,470
2024,20-Apr-24,11 Shawwal 1445,Saturday,222,470
2024,21-Apr-24,12 Shawwal 1445,Sunday,222,460
2024,22-Apr-24,13 Shawwal 1445,Monday,222,445
2024,23-Apr-24,14 Shawwal 1445,Tuesday,202,425
2024,24-Apr-24,15 Shawwal 1445,Wednesday,202,400
2024,25-Apr-24,16 Shawwal 1445,Thursday,202,395
2024,26-Apr-24,17 Shawwal 1445,Friday,202,400
2024,27-Apr-24,18 Shawwal 1445,Saturday,222,400
2024,28-Apr-24,19 Shawwal 1445,Sunday,222,395
2024,29-Apr-24,20 Shawwal 1445,Monday,222,380
2024,30-Apr-24,21 Shawwal 1445,Tuesday,222,365
2024,1-May-24,22 Shawwal 1445,Wednesday,222,360
2024,2-May-24,23 Shawwal 1445,Thursday,222,360
2024,3-May-24,24 Shawwal 1445,Friday,202,370
2024,4-May-24,25 Shawwal 1445,Saturday,202,360
2024,5-May-24,26 Shawwal 1445,Sunday,189,350
2024,6-May-24,27 Shawwal 1445,Monday,176,350
2024,7-May-24,28 Shawwal 1445,Tuesday,122,320
2024,8-May-24,29 Shawwal 1445,Wednesday,82,290
2024,9-May-24,1 Dhul Qadah 1445,Thursday,102,280
2024,10-May-24,2 Dhul Qadah 1445,Friday,102,290
2024,11-May-24,3 Dhul Qadah 1445,Saturday,102,290
2024,12-May-24,4 Dhul Qadah 1445,Sunday,102,280
2024,13-May-24,5 Dhul Qadah 1445,Monday,102,260
2024,14-May-24,6 Dhul Qadah 1445,Tuesday,82,260
2024,15-May-24,7 Dhul Qadah 1445,Wednesday,86,285
2024,16-May-24,8 Dhul Qadah 1445,Thursday,102,290
2024,17-May-24,9 Dhul Qadah 1445,Friday,102,290
2024,18-May-24,10 Dhul Qadah 1445,Saturday,102,275
2024,19-May-24,11 Dhul Qadah 1445,Sunday,96,270
2024,20-May-24,12 Dhul Qadah 1445,Monday,92,290
2024,21-May-24,13 Dhul Qadah 1445,Tuesday,92,300
2024,22-May-24,14 Dhul Qadah 1445,Wednesday,92,300
2024,23-May-24,15 Dhul Qadah 1445,Thursday,86,270
2024,24-May-24,16 Dhul Qadah 1445,Friday,72,255
2024,25-May-24,17 Dhul Qadah 1445,Saturday,56,255
2024,26-May-24,18 Dhul Qadah 1445,Sunday,62,265
2024,27-May-24,19 Dhul Qadah 1445,Monday,66,270
2024,28-May-24,20 Dhul Qadah 1445,Tuesday,72,275
2024,29-May-24,21 Dhul Qadah 1445,Wednesday,72,280
2024,30-May-24,22 Dhul Qadah 1445,Thursday,72,265
2024,31-May-24,23 Dhul Qadah 1445,Friday,72,260
2024,1-Jun-24,24 Dhul Qadah 1445,Saturday,72,250
2024,2-Jun-24,25 Dhul Qadah 1445,Sunday,72,250
2024,3-Jun-24,26 Dhul Qadah 1445,Monday,72,270
2024,4-Jun-24,27 Dhul Qadah 1445,Tuesday,72,275
2024,5-Jun-24,28 Dhul Qadah 1445,Wednesday,72,275
2024,6-Jun-24,29 Dhul Qadah 1445,Thursday,72,275
2024,7-Jun-24,1 Dhul Hijjah 1445,Friday,72,275
2024,8-Jun-24,2 Dhul Hijjah 1445,Saturday,72,280
2024,9-Jun-24,3 Dhul Hijjah 1445,Sunday,76,250
2024,10-Jun-24,4 Dhul Hijjah 1445,Monday,82,325
2024,11-Jun-24,5 Dhul Hijjah 1445,Tuesday,102,330
2024,12-Jun-24,6 Dhul Hijjah 1445,Wednesday,102,330
2024,13-Jun-24,7 Dhul Hijjah 1445,Thursday,102,310
2024,14-Jun-24,8 Dhul Hijjah 1445,Friday,102,300
2024,15-Jun-24,9 Dhul Hijjah 1445,Saturday,72,280
2024,16-Jun-24,10 Dhul Hijjah 1445,Sunday,86,310
2024,17-Jun-24,11 Dhul Hijjah 1445,Monday,102,310
2024,18-Jun-24,12 Dhul Hijjah 1445,Tuesday,102,310
2024,19-Jun-24,13 Dhul Hijjah 1445,Wednesday,102,310
2024,20-Jun-24,14 Dhul Hijjah 1445,Thursday,102,300
2024,21-Jun-24,15 Dhul Hijjah 1445,Friday,102,300
2024,22-Jun-24,16 Dhul Hijjah 1445,Saturday,86,280
2024,23-Jun-24,17 Dhul Hijjah 1445,Sunday,79,260
2024,24-Jun-24,18 Dhul Hijjah 1445,Monday,72,270
2024,25-Jun-24,19 Dhul Hijjah 1445,Tuesday,62,275
2024,26-Jun-24,20 Dhul Hijjah 1445,Wednesday,62,270
2024,27-Jun-24,21 Dhul Hijjah 1445,Thursday,66,260
2024,28-Jun-24,22 Dhul Hijjah 1445,Friday,66,265
2024,29-Jun-24,23 Dhul Hijjah 1445,Saturday,68,265
2024,30-Jun-24,24 Dhul Hijjah 1445,Sunday,69,265
2024,1-Jul-24,25 Dhul Hijjah 1445,Monday,70,265
2024,2-Jul-24,26 Dhul Hijjah 1445,Tuesday,70,265
2024,3-Jul-24,27 Dhul Hijjah 1445,Wednesday,72,265
2024,4-Jul-24,28 Dhul Hijjah 1445,Thursday,72,265
2024,5-Jul-24,29 Dhul Hijjah 1445,Friday,72,268
2024,6-Jul-24,30 Dhul Hijjah 1445,Saturday,62,270
2024,7-Jul-24,1 Muharram 1446,Sunday,72,280
2024,8-Jul-24,2 Muharram 1446,Monday,82,320
2024,9-Jul-24,3 Muharram 1446,Tuesday,96,320
2024,10-Jul-24,4 Muharram 1446,Wednesday,98,320
2024,11-Jul-24,5 Muharram 1446,Thursday,102,320
2024,12-Jul-24,6 Muharram 1446,Friday,102,320
2024,13-Jul-24,7 Muharram 1446,Saturday,102,330
2024,14-Jul-24,8 Muharram 1446,Sunday,102,340
2024,15-Jul-24,9 Muharram 1446,Monday,102,365
2024,16-Jul-24,10 Muharram 1446,Tuesday,102,365
2024,17-Jul-24,11 Muharram 1446,Wednesday,106,365
2024,18-Jul-24,12 Muharram 1446,Thursday,112,365
2024,19-Jul-24,13 Muharram 1446,Friday,120,360
2024,20-Jul-24,14 Muharram 1446,Saturday,142,385
2024,21-Jul-24,15 Muharram 1446,Sunday,106,400
2024,22-Jul-24,16 Muharram 1446,Monday,70,405
2024,23-Jul-24,17 Muharram 1446,Tuesday,70,385
2024,24-Jul-24,18 Muharram 1446,Wednesday,72,360
2024,25-Jul-24,19 Muharram 1446,Thursday,142,360
2024,26-Jul-24,20 Muharram 1446,Friday,72,370
2024,27-Jul-24,21 Muharram 1446,Saturday,62,380
2024,28-Jul-24,22 Muharram 1446,Sunday,114,380
2024,29-Jul-24,23 Muharram 1446,Monday,166,380
2024,30-Jul-24,24 Muharram 1446,Tuesday,182,405
2024,31-Jul-24,25 Muharram 1446,Wednesday,182,425
2024,1-Aug-24,26 Muharram 1446,Thursday,182,410
2024,2-Aug-24,27 Muharram 1446,Friday,182,400
2024,3-Aug-24,28 Muharram 1446,Saturday,182,400
2024,4-Aug-24,29 Muharram 1446,Sunday,176,420
2024,5-Aug-24,1 Safar 1446,Monday,172,410
2024,6-Aug-24,2 Safar 1446,Tuesday,172,400
2024,7-Aug-24,3 Safar 1446,Wednesday,172,405
2024,8-Aug-24,4 Safar 1446,Thursday,172,405
2024,9-Aug-24,5 Safar 1446,Friday,172,405
2024,10-Aug-24,6 Safar 1446,Saturday,172,405
2024,11-Aug-24,7 Safar 1446,Sunday,172,405
2024,12-Aug-24,8 Safar 1446,Monday,172,400
2024,13-Aug-24,9 Safar 1446,Tuesday,172,395
2024,14-Aug-24,10 Safar 1446,Wednesday,172,390
2024,15-Aug-24,11 Safar 1446,Thursday,172,390
2024,16-Aug-24,12 Safar 1446,Friday,172,390
2024,17-Aug-24,13 Safar 1446,Saturday,172,395
2024,18-Aug-24,14 Safar 1446,Sunday,172,400
2024,19-Aug-24,15 Safar 1446,Monday,172,400
2024,20-Aug-24,16 Safar 1446,Tuesday,172,400
2024,21-Aug-24,17 Safar 1446,Wednesday,172,395
2024,22-Aug-24,18 Safar 1446,Thursday,172,390
2024,23-Aug-24,19 Safar 1446,Friday,172,380
2024,24-Aug-24,20 Safar 1446,Saturday,172,375
2024,25-Aug-24,21 Safar 1446,Sunday,172,365
2024,26-Aug-24,22 Safar 1446,Monday,172,365
2024,27-Aug-24,23 Safar 1446,Tuesday,152,368
2024,28-Aug-24,24 Safar 1446,Wednesday,152,368
2024,29-Aug-24,25 Safar 1446,Thursday,162,375
2024,30-Aug-24,26 Safar 1446,Friday,162,375
2024,31-Aug-24,27 Safar 1446,Saturday,162,365
2024,1-Sep-24,28 Safar 1446,Sunday,162,365
2024,2-Sep-24,29 Safar 1446,Monday,162,370
2024,3-Sep-24,30 Safar 1446,Tuesday,162,370
2024,4-Sep-24,1 Rabi Al-Awwal 1446,Wednesday,162,365
2024,5-Sep-24,2 Rabi Al-Awwal 1446,Thursday,162,365
2024,6-Sep-24,3 Rabi Al-Awwal 1446,Friday,162,375
2024,7-Sep-24,4 Rabi Al-Awwal 1446,Saturday,162,385
2024,8-Sep-24,5 Rabi Al-Awwal 1446,Sunday,166,385
2024,9-Sep-24,6 Rabi Al-Awwal 1446,Monday,172,385
2024,10-Sep-24,7 Rabi Al-Awwal 1446,Tuesday,172,385
2024,11-Sep-24,8 Rabi Al-Awwal 1446,Wednesday,172,385
2024,12-Sep-24,9 Rabi Al-Awwal 1446,Thursday,172,385
2024,13-Sep-24,10 Rabi Al-Awwal 1446,Friday,176,385
2024,14-Sep-24,11 Rabi Al-Awwal 1446,Saturday,176,385
2024,15-Sep-24,12 Rabi Al-Awwal 1446,Sunday,189,385
2024,16-Sep-24,13 Rabi Al-Awwal 1446,Monday,202,390
2024,17-Sep-24,14 Rabi Al-Awwal 1446,Tuesday,202,395
2024,18-Sep-24,15 Rabi Al-Awwal 1446,Wednesday,202,395
2024,19-Sep-24,16 Rabi Al-Awwal 1446,Thursday,202,390
2024,20-Sep-24,17 Rabi Al-Awwal 1446,Friday,202,400
2024,21-Sep-24,18 Rabi Al-Awwal 1446,Saturday,202,415
2024,22-Sep-24,19 Rabi Al-Awwal 1446,Sunday,202,415
2024,23-Sep-24,20 Rabi Al-Awwal 1446,Monday,202,415
2024,24-Sep-24,21 Rabi Al-Awwal 1446,Tuesday,202,415
2024,25-Sep-24,22 Rabi Al-Awwal 1446,Wednesday,202,415
2024,26-Sep-24,23 Rabi Al-Awwal 1446,Thursday,202,405
2024,27-Sep-24,24 Rabi Al-Awwal 1446,Friday,202,405
2024,28-Sep-24,25 Rabi Al-Awwal 1446,Saturday,202,405
2024,29-Sep-24,26 Rabi Al-Awwal 1446,Sunday,202,420
2024,30-Sep-24,27 Rabi Al-Awwal 1446,Monday,202,420
2024,1-Oct-24,28 Rabi Al-Awwal 1446,Tuesday,202,420
2024,2-Oct-24,29 Rabi Al-Awwal 1446,Wednesday,202,420
2024,3-Oct-24,30 Rabi Al-Awwal 1446,Thursday,202,420
2024,4-Oct-24,1 Rabi Al-Thani,Friday,202,420
2024,5-Oct-24,2 Rabi Al-Thani,Saturday,202,415
2024,6-Oct-24,3 Rabi Al-Thani,Sunday,202,415
2024,7-Oct-24,4 Rabi Al-Thani,Monday,202,405
2024,8-Oct-24,5 Rabi Al-Thani,Tuesday,202,400
2024,9-Oct-24,6 Rabi Al-Thani,Wednesday,202,400
2024,10-Oct-24,7 Rabi Al-Thani,Thursday,202,405
2024,11-Oct-24,8 Rabi Al-Thani,Friday,202,415
2024,12-Oct-24,9 Rabi Al-Thani,Saturday,202,410
2024,13-Oct-24,10 Rabi Al-Thani,Sunday,202,400
2024,14-Oct-24,11 Rabi Al-Thani,Monday,202,405
2024,15-Oct-24,12 Rabi Al-Thani,Tuesday,202,405
2024,16-Oct-24,13 Rabi Al-Thani,Wednesday,202,410
2024,17-Oct-24,14 Rabi Al-Thani,Thursday,202,410
2024,18-Oct-24,15 Rabi Al-Thani,Friday,202,410
2024,19-Oct-24,16 Rabi Al-Thani,Saturday,202,410
2024,20-Oct-24,17 Rabi Al-Thani,Sunday,202,405
2024,21-Oct-24,18 Rabi Al-Thani,Monday,202,400
2024,22-Oct-24,19 Rabi Al-Thani,Tuesday,202,395
2024,23-Oct-24,20 Rabi Al-Thani,Wednesday,202,385
2024,24-Oct-24,21 Rabi Al-Thani,Thursday,202,380
2024,25-Oct-24,22 Rabi Al-Thani,Friday,202,375
2024,26-Oct-24,23 Rabi Al-Thani,Saturday,202,360
2024,27-Oct-24,24 Rabi Al-Thani,Sunday,202,360
2024,28-Oct-24,25 Rabi Al-Thani,Monday,202,365
2024,29-Oct-24,26 Rabi Al-Thani,Tuesday,172,360
2024,30-Oct-24,27 Rabi Al-Thani,Wednesday,152,350
2024,31-Oct-24,28 Rabi Al-Thani,Thursday,136,340
2024,1-Nov-24,29 Rabi Al-Thani,Friday,136,325
2024,2-Nov-24,30 Rabi Al-Thani,Saturday,146,335
2024,3-Nov-24,1 Jumada Al-Awwal,Sunday,154,340
2024,4-Nov-24,2 Jumada Al-Awwal,Monday,162,340
2024,5-Nov-24,3 Jumada Al-Awwal,Tuesday,162,330
2024,6-Nov-24,4 Jumada Al-Awwal,Wednesday,162,335
2024,7-Nov-24,5 Jumada Al-Awwal,Thursday,166,335
2024,8-Nov-24,6 Jumada Al-Awwal,Friday,172,335
2024,9-Nov-24,7 Jumada Al-Awwal,Saturday,172,340
2024,10-Nov-24,8 Jumada Al-Awwal,Sunday,172,340
2024,11-Nov-24,9 Jumada Al-Awwal,Monday,172,325
2024,12-Nov-24,10 Jumada Al-Awwal,Tuesday,152,320
2024,13-Nov-24,11 Jumada Al-Awwal,Wednesday,156,325
2024,14-Nov-24,12 Jumada Al-Awwal,Thursday,156,330
2024,15-Nov-24,13 Jumada Al-Awwal,Friday,156,330
2024,16-Nov-24,14 Jumada Al-Awwal,Saturday,146,320
2024,17-Nov-24,15 Jumada Al-Awwal,Sunday,146,320
2024,18-Nov-24,16 Jumada Al-Awwal,Monday,146,320
2024,19-Nov-24,17 Jumada Al-Awwal,Tuesday,146,320
2024,20-Nov-24,18 Jumada Al-Awwal,Wednesday,146,325
2024,21-Nov-24,19 Jumada Al-Awwal,Thursday,146,325
2024,22-Nov-24,20 Jumada Al-Awwal,Friday,146,325
2024,23-Nov-24,21 Jumada Al-Awwal,Saturday,146,320
2024,24-Nov-24,22 Jumada Al-Awwal,Sunday,146,315
2024,25-Nov-24,23 Jumada Al-Awwal,Monday,146,320
2024,26-Nov-24,24 Jumada Al-Awwal,Tuesday,146,320
2024,27-Nov-24,25 Jumada Al-Awwal,Wednesday,146,315
2024,28-Nov-24,26 Jumada Al-Awwal,Thursday,146,315
2024,29-Nov-24,27 Jumada Al-Awwal,Friday,146,305
2024,30-Nov-24,28 Jumada Al-Awwal,Saturday,146,300
2024,1-Dec-24,29 Jumada Al-Awwal,Sunday,146,305
2024,2-Dec-24,1 Jumada Al-Thani,Monday,146,305
2024,3-Dec-24,2 Jumada Al-Thani,Tuesday,146,295
2024,4-Dec-24,3 Jumada Al-Thani,Wednesday,146,295
2024,5-Dec-24,4 Jumada Al-Thani,Thursday,146,285
2024,6-Dec-24,5 Jumada Al-Thani,Friday,146,285
2024,7-Dec-24,6 Jumada Al-Thani,Saturday,146,290
2024,8-Dec-24,7 Jumada Al-Thani,Sunday,146,300
2024,9-Dec-24,8 Jumada Al-Thani,Monday,146,300
2024,10-Dec-24,9 Jumada Al-Thani,Tuesday,146,290
2024,11-Dec-24,10 Jumada Al-Thani,Wednesday,146,295
2024,12-Dec-24,11 Jumada Al-Thani,Thursday,146,300
2024,13-Dec-24,12 Jumada Al-Thani,Friday,146,300
2024,14-Dec-24,13 Jumada Al-Thani,Saturday,146,300
2024,15-Dec-24,14 Jumada Al-Thani,Sunday,146,280
2024,16-Dec-24,15 Jumada Al-Thani,Monday,146,280
2024,17-Dec-24,16 Jumada Al-Thani,Tuesday,146,280
2024,18-Dec-24,17 Jumada Al-Thani,Wednesday,146,280
2024,19-Dec-24,18 Jumada Al-Thani,Thursday,146,285
2024,20-Dec-24,19 Jumada Al-Thani,Friday,152,295
2024,21-Dec-24,20 Jumada Al-Thani,Saturday,152,310
2024,22-Dec-24,21 Jumada Al-Thani,Sunday,152,310
2024,23-Dec-24,22 Jumada Al-Thani,Monday,152,300
2024,24-Dec-24,23 Jumada Al-Thani,Tuesday,162,305
2024,25-Dec-24,24 Jumada Al-Thani,Wednesday,172,330
2024,26-Dec-24,25 Jumada Al-Thani,Thursday,182,350
2024,27-Dec-24,26 Jumada Al-Thani,Friday,182,360
2024,28-Dec-24,27 Jumada Al-Thani,Saturday,182,370
2024,29-Dec-24,28 Jumada Al-Thani,Sunday,182,370
2024,30-Dec-24,29 Jumada Al-Thani,Monday,182,375
2024,31-Dec-24,30 Jumada Al-Thani,Tuesday,202,375
2025,1-Jan-25,1 Rajab 1446,Wednesday,206,380
2025,2-Jan-25,2 Rajab 1446,Thursday,212,390
2025,3-Jan-25,3 Rajab 1446,Friday,232,405
2025,4-Jan-25,4 Rajab 1446,Saturday,232,435
2025,5-Jan-25,5 Rajab 1446,Sunday,232,435
2025,6-Jan-25,6 Rajab 1446,Monday,232,410
2025,7-Jan-25,7 Rajab 1446,Tuesday,212,390
2025,8-Jan-25,8 Rajab 1446,Wednesday,212,380
2025,9-Jan-25,9 Rajab 1446,Thursday,212,390
2025,10-Jan-25,10 Rajab 1446,Friday,200,400
2025,11-Jan-25,11 Rajab 1446,Saturday,200,400
2025,12-Jan-25,12 Rajab 1446,Sunday,200,375
2025,13-Jan-25,13 Rajab 1446,Monday,200,370
2025,14-Jan-25,14 Rajab 1446,Tuesday,200,380
2025,15-Jan-25,15 Rajab 1446,Wednesday,200,385
2025,16-Jan-25,16 Rajab 1446,Thursday,200,385
2025,17-Jan-25,17 Rajab 1446,Friday,200,375
2025,18-Jan-25,18 Rajab 1446,Saturday,200,380
2025,19-Jan-25,19 Rajab 1446,Sunday,200,385
2025,20-Jan-25,20 Rajab 1446,Monday,200,390
2025,21-Jan-25,21 Rajab 1446,Tuesday,200,390
2025,22-Jan-25,22 Rajab 1446,Wednesday,200,390
2025,23-Jan-25,23 Rajab 1446,Thursday,200,390
2025,24-Jan-25,24 Rajab 1446,Friday,200,390
2025,25-Jan-25,25 Rajab 1446,Saturday,200,390
2025,26-Jan-25,26 Rajab 1446,Sunday,200,400
2025,27-Jan-25,27 Rajab 1446,Monday,200,405
2025,28-Jan-25,28 Rajab 1446,Tuesday,200,405
2025,29-Jan-25,29 Rajab 1446,Wednesday,200,405
2025,30-Jan-25,30 Rajab 1446,Thursday,200,400
2025,31-Jan-25,1 Shaban 1446,Friday,200,390
2025,1-Feb-25,2 Shaban 1446,Saturday,200,385
2025,2-Feb-25,3 Shaban 1446,Sunday,200,385
2025,3-Feb-25,4 Shaban 1446,Monday,200,395
2025,4-Feb-25,5 Shaban 1446,Tuesday,200,395
2025,5-Feb-25,6 Shaban 1446,Wednesday,200,375
2025,6-Feb-25,7 Shaban 1446,Thursday,200,375
2025,7-Feb-25,8 Shaban 1446,Friday,200,380
2025,8-Feb-25,9 Shaban 1446,Saturday,200,380
2025,9-Feb-25,10 Shaban 1446,Sunday,200,375
2025,10-Feb-25,11 Shaban 1446,Monday,200,370
2025,11-Feb-25,12 Shaban 1446,Tuesday,200,375
2025,12-Feb-25,13 Shaban 1446,Wednesday,200,380
2025,13-Feb-25,14 Shaban 1446,Thursday,200,385
2025,14-Feb-25,15 Shaban 1446,Friday,200,385
2025,15-Feb-25,16 Shaban 1446,Saturday,200,385
2025,16-Feb-25,17 Shaban 1446,Sunday,200,385
2025,17-Feb-25,18 Shaban 1446,Monday,200,385
2025,18-Feb-25,19 Shaban 1446,Tuesday,200,390
2025,19-Feb-25,20 Shaban 1446,Wednesday,200,395
2025,20-Feb-25,21 Shaban 1446,Thursday,200,405
2025,21-Feb-25,22 Shaban 1446,Friday,200,405
2025,22-Feb-25,23 Shaban 1446,Saturday,200,405
2025,23-Feb-25,24 Shaban 1446,Sunday,200,400
2025,24-Feb-25,25 Shaban 1446,Monday,200,405
2025,25-Feb-25,26 Shaban 1446,Tuesday,200,410
2025,26-Feb-25,27 Shaban 1446,Wednesday,200,410
2025,27-Feb-25,28 Shaban 1446,Thursday,200,420
2025,28-Feb-25,29 Shaban 1446,Friday,200,425
2025,1-Mar-25,1 Ramadan 1446,Saturday,200,420
2025,2-Mar-25,2 Ramadan 1446,Sunday,200,400
2025,3-Mar-25,3 Ramadan 1446,Monday,200,405
2025,4-Mar-25,4 Ramadan 1446,Tuesday,200,430
2025,5-Mar-25,5 Ramadan 1446,Wednesday,200,425
2025,6-Mar-25,6 Ramadan 1446,Thursday,200,405
2025,7-Mar-25,7 Ramadan 1446,Friday,200,410
2025,8-Mar-25,8 Ramadan 1446,Saturday,200,425
2025,9-Mar-25,9 Ramadan 1446,Sunday,200,440
2025,10-Mar-25,10 Ramadan 1446,Monday,200,440
2025,11-Mar-25,11 Ramadan 1446,Tuesday,200,430
2025,12-Mar-25,12 Ramadan 1446,Wednesday,200,430
2025,13-Mar-25,13 Ramadan 1446,Thursday,200,455
2025,14-Mar-25,14 Ramadan 1446,Friday,200,455
2025,15-Mar-25,15 Ramadan 1446,Saturday,200,450
2025,16-Mar-25,16 Ramadan 1446,Sunday,200,455
2025,17-Mar-25,17 Ramadan 1446,Monday,200,455
2025,18-Mar-25,18 Ramadan 1446,Tuesday,200,450
2025,19-Mar-25,19 Ramadan 1446,Wednesday,200,445
2025,20-Mar-25,20 Ramadan 1446,Thursday,200,445
2025,21-Mar-25,21 Ramadan 1446,Friday,200,445
2025,22-Mar-25,22 Ramadan 1446,Saturday,200,450
2025,23-Mar-25,23 Ramadan 1446,Sunday,200,450
2025,24-Mar-25,24 Ramadan 1446,Monday,200,450
2025,25-Mar-25,25 Ramadan 1446,Tuesday,200,440
2025,26-Mar-25,26 Ramadan 1446,Wednesday,200,435
2025,27-Mar-25,27 Ramadan 1446,Thursday,200,430
2025,28-Mar-25,28 Ramadan 1446,Friday,200,440
2025,29-Mar-25,29 Ramadan 1446,Saturday,200,445
2025,30-Mar-25,1 Shawwal 1446,Sunday,200,455
2025,31-Mar-25,2 Shawwal 1446,Monday,200,459
2025,1-Apr-25,3 Shawwal 1446,Tuesday,200,462
2025,2-Apr-25,4 Shawwal 1446,Wednesday,200,466
2025,3-Apr-25,5 Shawwal 1446,Thursday,200,470
2025,4-Apr-25,6 Shawwal 1446,Friday,200,470
2025,5-Apr-25,7 Shawwal 1446,Saturday,200,480
2025,6-Apr-25,8 Shawwal 1446,Sunday,200,490
2025,7-Apr-25,9 Shawwal 1446,Monday,200,480
2025,8-Apr-25,10 Shawwal 1446,Tuesday,200,470
2025,9-Apr-25,11 Shawwal 1446,Wednesday,200,455
2025,10-Apr-25,12 Shawwal 1446,Thursday,200,445
2025,11-Apr-25,13 Shawwal 1446,Friday,200,420
2025,12-Apr-25,14 Shawwal 1446,Saturday,200,420
2025,13-Apr-25,15 Shawwal 1446,Sunday,200,420
2025,14-Apr-25,16 Shawwal 1446,Monday,200,410
2025,15-Apr-25,17 Shawwal 1446,Tuesday,200,400
2025,16-Apr-25,18 Shawwal 1446,Wednesday,200,375
2025,17-Apr-25,19 Shawwal 1446,Thursday,172,375
2025,18-Apr-25,20 Shawwal 1446,Friday,162,375
2025,19-Apr-25,21 Shawwal 1446,Saturday,152,375
2025,20-Apr-25,22 Shawwal 1446,Sunday,146,365
2025,21-Apr-25,23 Shawwal 1446,Monday,142,350
2025,22-Apr-25,24 Shawwal 1446,Tuesday,112,340
2025,23-Apr-25,25 Shawwal 1446,Wednesday,72,320
2025,24-Apr-25,26 Shawwal 1446,Thursday,82,320
2025,25-Apr-25,27 Shawwal 1446,Friday,92,325
2025,26-Apr-25,28 Shawwal 1446,Saturday,96,330
2025,27-Apr-25,29 Shawwal 1446,Sunday,96,330
2025,28-Apr-25,30 Shawwal 1446,Monday,96,335
2025,29-Apr-25,1 Dhul Qadah 1446,Tuesday,96,330
2025,30-Apr-25,2 Dhul Qadah 1446,Wednesday,72,330
2025,1-May-25,3 Dhul Qadah 1446,Thursday,62,330
2025,2-May-25,4 Dhul Qadah 1446,Friday,52,340
2025,3-May-25,5 Dhul Qadah 1446,Saturday,42,340
2025,4-May-25,6 Dhul Qadah 1446,Sunday,36,340
2025,5-May-25,7 Dhul Qadah 1446,Monday,32,330
2025,6-May-25,8 Dhul Qadah 1446,Tuesday,62,330
2025,7-May-25,9 Dhul Qadah 1446,Wednesday,82,355
2025,8-May-25,10 Dhul Qadah 1446,Thursday,102,375
2025,9-May-25,11 Dhul Qadah 1446,Friday,102,380
2025,10-May-25,12 Dhul Qadah 1446,Saturday,102,380
2025,11-May-25,13 Dhul Qadah 1446,Sunday,102,375
2025,12-May-25,14 Dhul Qadah 1446,Monday,102,395
2025,13-May-25,15 Dhul Qadah 1446,Tuesday,122,415
2025,14-May-25,16 Dhul Qadah 1446,Wednesday,132,450
2025,15-May-25,17 Dhul Qadah 1446,Thursday,142,455
2025,16-May-25,18 Dhul Qadah 1446,Friday,142,455
2025,17-May-25,19 Dhul Qadah 1446,Saturday,142,430
2025,18-May-25,20 Dhul Qadah 1446,Sunday,142,415
2025,19-May-25,21 Dhul Qadah 1446,Monday,142,440
2025,20-May-25,22 Dhul Qadah 1446,Tuesday,142,445
2025,21-May-25,23 Dhul Qadah 1446,Wednesday,142,440
2025,22-May-25,24 Dhul Qadah 1446,Thursday,92,420
2025,23-May-25,25 Dhul Qadah 1446,Friday,92,405
2025,24-May-25,26 Dhul Qadah 1446,Saturday,92,405
2025,25-May-25,27 Dhul Qadah 1446,Sunday,92,415
2025,26-May-25,28 Dhul Qadah 1446,Monday,92,400
2025,27-May-25,29 Dhul Qadah 1446,Tuesday,92,380
2025,28-May-25,1 Dhul Hijjah 1446,Wednesday,92,365
2025,29-May-25,2 Dhul Hijjah 1446,Thursday,92,370
2025,30-May-25,3 Dhul Hijjah 1446,Friday,92,375
2025,31-May-25,4 Dhul Hijjah 1446,Saturday,92,365
2025,1-Jun-25,5 Dhul Hijjah 1446,Sunday,92,340
2025,2-Jun-25,6 Dhul Hijjah 1446,Monday,92,320
2025,3-Jun-25,7 Dhul Hijjah 1446,Tuesday,92,320
2025,4-Jun-25,8 Dhul Hijjah 1446,Wednesday,92,320
2025,5-Jun-25,9 Dhul Hijjah 1446,Thursday,92,315
2025,6-Jun-25,10 Dhul Hijjah 1446,Friday,92,310
2025,7-Jun-25,11 Dhul Hijjah 1446,Saturday,96,308
2025,8-Jun-25,12 Dhul Hijjah 1446,Sunday,100,306
2025,9-Jun-25,13 Dhul Hijjah 1446,Monday,104,304
2025,10-Jun-25,14 Dhul Hijjah 1446,Tuesday,108,302
2025,11-Jun-25,15 Dhul Hijjah 1446,Wednesday,112,300
2025,12-Jun-25,16 Dhul Hijjah 1446,Thursday,122,290
2025,13-Jun-25,17 Dhul Hijjah 1446,Friday,132,290
2025,14-Jun-25,18 Dhul Hijjah 1446,Saturday,136,275
2025,15-Jun-25,19 Dhul Hijjah 1446,Sunday,142,265
2025,16-Jun-25,20 Dhul Hijjah 1446,Monday,146,270
2025,17-Jun-25,21 Dhul Hijjah 1446,Tuesday,156,275
2025,18-Jun-25,22 Dhul Hijjah 1446,Wednesday,176,290
2025,19-Jun-25,23 Dhul Hijjah 1446,Thursday,182,290
2025,20-Jun-25,24 Dhul Hijjah 1446,Friday,182,285
2025,21-Jun-25,25 Dhul Hijjah 1446,Saturday,182,270
2025,22-Jun-25,26 Dhul Hijjah 1446,Sunday,182,250
2025,23-Jun-25,27 Dhul Hijjah 1446,Monday,182,235
2025,24-Jun-25,28 Dhul Hijjah 1446,Tuesday,182,255
2025,25-Jun-25,29 Dhul Hijjah 1446,Wednesday,182,270
2025,26-Jun-25,1 Muharram 1447,Thursday,182,270
2025,27-Jun-25,2 Muharram 1447,Friday,182,265
2025,28-Jun-25,3 Muharram 1447,Saturday,182,270
2025,29-Jun-25,4 Muharram 1447,Sunday,182,290
2025,30-Jun-25,5 Muharram 1447,Monday,182,285
2025,1-Jul-25,6 Muharram 1447,Tuesday,192,280
2025,2-Jul-25,7 Muharram 1447,Wednesday,192,280
2025,3-Jul-25,8 Muharram 1447,Thursday,192,280
2025,4-Jul-25,9 Muharram 1447,Friday,192,310
2025,5-Jul-25,10 Muharram 1447,Saturday,192,310
2025,6-Jun-25,10 Dhul Hijjah 1446,Sunday,192,310
2025,7-Jul-25,12 Muharram 1447,Monday,192,300
2025,8-Jul-25,13 Muharram 1447,Tuesday,192,320
2025,9-Jul-25,14 Muharram 1447,Wednesday,192,345
2025,10-Jul-25,15 Muharram 1447,Thursday,202,370
2025,11-Jul-25,16 Muharram 1447,Friday,202,360
2025,12-Jul-25,17 Muharram 1447,Saturday,202,365
2025,13-Jun-25,17 Dhul Hijjah 1446,Sunday,202,385
2025,14-Jul-25,19 Muharram 1447,Monday,202,385
2025,15-Jul-25,20 Muharram 1447,Tuesday,202,380
2025,16-Jul-25,21 Muharram 1447,Wednesday,202,405
2025,17-Jul-25,22 Muharram 1447,Thursday,202,410
2025,18-Jul-25,23 Muharram 1447,Friday,202,400
2025,19-Jul-25,24 Muharram 1447,Saturday,202,390
2025,20-Jun-25,24 Dhul Hijjah 1446,Sunday,196,370
2025,21-Jul-25,26 Muharram 1447,Monday,192,375
2025,22-Jul-25,27 Muharram 1447,Tuesday,192,390
2025,23-Jul-25,28 Muharram 1447,Wednesday,192,375
2025,24-Jul-25,29 Muharram 1447,Thursday,192,370
2025,25-Jul-25,30 Muharram 1447,Friday,192,370
2025,26-Jul-25,1 Safar 1447,Saturday,202,370
2025,27-Jun-25,2 Muharram 1447,Sunday,196,360
2025,28-Jul-25,3 Safar 1447,Monday,192,345
2025,29-Jul-25,4 Safar 1447,Tuesday,192,345
2025,30-Jul-25,5 Safar 1447,Wednesday,192,350
2025,31-Jul-25,6 Safar 1447,Thursday,192,350
2025,1-Aug-25,7 Safar 1447,Friday,202,355
2025,2-Aug-25,8 Safar 1447,Saturday,202,355
2025,3-Aug-25,9 Safar 1447,Sunday,202,355
2025,4-Aug-25,10 Safar 1447,Monday,202,355
2025,5-Aug-25,11 Safar 1447,Tuesday,202,360
2025,6-Aug-25,12 Safar 1447,Wednesday,202,365
2025,7-Aug-25,13 Safar 1447,Thursday,202,370
2025,8-Aug-25,14 Safar 1447,Friday,202,365
2025,9-Aug-25,15 Safar 1447,Saturday,202,365
2025,10-Aug-25,16 Safar 1447,Sunday,202,380
2025,11-Aug-25,17 Safar 1447,Monday,202,385
2025,12-Aug-25,18 Safar 1447,Tuesday,202,385
2025,13-Aug-25,19 Safar 1447,Wednesday,202,380
2025,14-Aug-25,20 Safar 1447,Thursday,202,380
2025,15-Aug-25,21 Safar 1447,Friday,202,380
2025,16-Aug-25,22 Safar 1447,Saturday,202,400
2025,17-Aug-25,23 Safar 1447,Sunday,202,405
2025,18-Aug-25,24 Safar 1447,Monday,202,390
2025,19-Aug-25,25 Safar 1447,Tuesday,202,390
2025,20-Aug-25,26 Safar 1447,Wednesday,212,400
2025,21-Aug-25,27 Safar 1447,Thursday,212,400
2025,22-Aug-25,28 Safar 1447,Friday,212,405
2025,23-Aug-25,29 Safar 1447,Saturday,212,410
2025,24-Aug-25,1 Rabi Al-Awwal 1447,Sunday,219,415
2025,25-Aug-25,2 Rabi Al-Awwal 1447,Monday,226,420
2025,26-Aug-25,3 Rabi Al-Awwal 1447,Tuesday,226,435
2025,27-Aug-25,4 Rabi Al-Awwal 1447,Wednesday,226,445
2025,28-Aug-25,5 Rabi Al-Awwal 1447,Thursday,226,420
2025,29-Aug-25,6 Rabi Al-Awwal 1447,Friday,226,400
2025,30-Aug-25,7 Rabi Al-Awwal 1447,Saturday,226,405
2025,31-Aug-25,8 Rabi Al-Awwal 1447,Sunday,226,405
2025,1-Sep-25,9 Rabi Al-Awwal 1447,Monday,226,405
2025,2-Sep-25,10 Rabi Al-Awwal 1447,Tuesday,226,400
2025,3-Sep-25,11 Rabi Al-Awwal 1447,Wednesday,226,400
2025,4-Sep-25,12 Rabi Al-Awwal 1447,Thursday,202,410
2025,5-Sep-25,13 Rabi Al-Awwal 1447,Friday,162,410
2025,6-Sep-25,14 Rabi Al-Awwal 1447,Saturday,162,400
2025,7-Sep-25,15 Rabi Al-Awwal 1447,Sunday,156,395
2025,8-Sep-25,16 Rabi Al-Awwal 1447,Monday,152,390
2025,9-Sep-25,17 Rabi Al-Awwal 1447,Tuesday,152,400
2025,10-Sep-25,18 Rabi Al-Awwal 1447,Wednesday,152,400
2025,11-Sep-25,19 Rabi Al-Awwal 1447,Thursday,152,390
2025,12-Sep-25,20 Rabi Al-Awwal 1447,Friday,122,375
2025,13-Sep-25,21 Rabi Al-Awwal 1447,Saturday,112,370
2025,14-Sep-25,22 Rabi Al-Awwal 1447,Sunday,106,365
2025,15-Sep-25,23 Rabi Al-Awwal 1447,Monday,102,365
2025,16-Sep-25,24 Rabi Al-Awwal 1447,Tuesday,102,365
2025,17-Sep-25,25 Rabi Al-Awwal 1447,Wednesday,102,360
2025,18-Sep-25,26 Rabi Al-Awwal 1447,Thursday,102,350
2025,19-Sep-25,27 Rabi Al-Awwal 1447,Friday,82,335
2025,20-Sep-25,28 Rabi Al-Awwal 1447,Saturday,62,320
2025,21-Sep-25,29 Rabi Al-Awwal 1447,Sunday,62,310
2025,22-Sep-25,30 Rabi Al-Awwal 1447,Monday,62,320
2025,23-Sep-25,1 Rabi Al-Thani,Tuesday,62,315
2025,24-Sep-25,2 Rabi Al-Thani,Wednesday,62,300
2025,25-Sep-25,3 Rabi Al-Thani,Thursday,62,290
2025,26-Sep-25,4 Rabi Al-Thani,Friday,52,300
2025,27-Sep-25,5 Rabi Al-Thani,Saturday,52,295
2025,28-Sep-25,6 Rabi Al-Thani,Sunday,52,285
2025,29-Sep-25,7 Rabi Al-Thani,Monday,52,280
2025,30-Sep-25,8 Rabi Al-Thani,Tuesday,42,280
2025,1-Oct-25,9 Rabi Al-Thani,Wednesday,32,260
2025,2-Oct-25,10 Rabi Al-Thani,Thursday,32,260
2025,3-Oct-25,11 Rabi Al-Thani,Friday,72,275
2025,4-Oct-25,12 Rabi Al-Thani,Saturday,82,295
2025,5-Oct-25,13 Rabi Al-Thani,Sunday,82,295
2025,6-Oct-25,14 Rabi Al-Thani,Monday,82,275
2025,7-Oct-25,15 Rabi Al-Thani,Tuesday,62,275
2025,8-Oct-25,16 Rabi Al-Thani,Wednesday,52,295
2025,9-Oct-25,17 Rabi Al-Thani,Thursday,52,305
2025,10-Oct-25,18 Rabi Al-Thani,Friday,52,300
2025,11-Oct-25,19 Rabi Al-Thani,Saturday,52,290
2025,12-Oct-25,20 Rabi Al-Thani,Sunday,52,290
2025,13-Oct-25,21 Rabi Al-Thani,Monday,52,290
2025,14-Oct-25,22 Rabi Al-Thani,Tuesday,36,290
2025,15-Oct-25,23 Rabi Al-Thani,Wednesday,36,280
2025,16-Oct-25,24 Rabi Al-Thani,Thursday,32,275
2025,17-Oct-25,25 Rabi Al-Thani,Friday,26,265
2025,18-Oct-25,26 Rabi Al-Thani,Saturday,26,265
2025,19-Oct-25,27 Rabi Al-Thani,Sunday,26,265
2025,20-Oct-25,28 Rabi Al-Thani,Monday,26,265
2025,21-Oct-25,29 Rabi Al-Thani,Tuesday,36,265
2025,22-Oct-25,30 Rabi Al-Thani,Wednesday,46,265
2025,23-Oct-25,1 Jumada Al-Awwal,Thursday,62,265
2025,24-Oct-25,2 Jumada Al-Awwal,Friday,66,275
2025,25-Oct-25,3 Jumada Al-Awwal,Saturday,72,275
2025,26-Oct-25,4 Jumada Al-Awwal,Sunday,72,275
2025,27-Oct-25,5 Jumada Al-Awwal,Monday,72,265
2025,28-Oct-25,6 Jumada Al-Awwal,Tuesday,76,265
2025,29-Oct-25,7 Jumada Al-Awwal,Wednesday,76,280
2025,30-Oct-25,8 Jumada Al-Awwal,Thursday,76,280
2025,31-Oct-25,9 Jumada Al-Awwal,Friday,76,270
2025,1-Nov-25,10 Jumada Al-Awwal,Saturday,76,270
2025,2-Nov-25,11 Jumada Al-Awwal,Sunday,79,270
2025,3-Nov-25,12 Jumada Al-Awwal,Monday,82,270
2025,4-Nov-25,13 Jumada Al-Awwal,Tuesday,82,260
2025,5-Nov-25,14 Jumada Al-Awwal,Wednesday,86,255
2025,6-Nov-25,15 Jumada Al-Awwal,Thursday,102,270
2025,7-Nov-25,16 Jumada Al-Awwal,Friday,102,285
2025,8-Nov-25,17 Jumada Al-Awwal,Saturday,112,285
2025,9-Nov-25,18 Jumada Al-Awwal,Sunday,122,300
2025,10-Nov-25,19 Jumada Al-Awwal,Monday,132,320
2025,11-Nov-25,20 Jumada Al-Awwal,Tuesday,152,330
2025,12-Nov-25,21 Jumada Al-Awwal,Wednesday,176,335
2025,13-Nov-25,22 Jumada Al-Awwal,Thursday,212,335
2025,14-Nov-25,23 Jumada Al-Awwal,Friday,212,350
2025,15-Nov-25,24 Jumada Al-Awwal,Saturday,212,360
2025,16-Nov-25,25 Jumada Al-Awwal,Sunday,212,355
2025,17-Nov-25,26 Jumada Al-Awwal,Monday,212,345
2025,18-Nov-25,27 Jumada Al-Awwal,Tuesday,212,335
2025,19-Nov-25,28 Jumada Al-Awwal,Wednesday,176,325
2025,20-Nov-25,29 Jumada Al-Awwal,Thursday,162,320
2025,21-Nov-25,30 Jumada Al-Awwal,Friday,132,310
2025,22-Nov-25,1 Jumada Al-Thani,Saturday,122,305
2025,23-Nov-25,2 Jumada Al-Thani,Sunday,126,305
2025,24-Nov-25,3 Jumada Al-Thani,Monday,132,305
2025,25-Nov-25,4 Jumada Al-Thani,Tuesday,142,310
2025,26-Nov-25,5 Jumada Al-Thani,Wednesday,142,310
2025,27-Nov-25,6 Jumada Al-Thani,Thursday,142,300
2025,28-Nov-25,7 Jumada Al-Thani,Friday,142,300
2025,29-Nov-25,8 Jumada Al-Thani,Saturday,142,295
2025,30-Nov-25,9 Jumada Al-Thani,Sunday,142,295
2025,1-Dec-25,10 Jumada Al-Thani,Monday,142,310
2025,2-Dec-25,11 Jumada Al-Thani,Tuesday,142,305
2025,3-Dec-25,12 Jumada Al-Thani,Wednesday,142,290
2025,4-Dec-25,13 Jumada Al-Thani,Thursday,142,290
2025,5-Dec-25,14 Jumada Al-Thani,Friday,122,295
2025,6-Dec-25,15 Jumada Al-Thani,Saturday,122,310
2025,7-Dec-25,16 Jumada Al-Thani,Sunday,122,310
2025,8-Dec-25,17 Jumada Al-Thani,Monday,122,310
2025,9-Dec-25,18 Jumada Al-Thani,Tuesday,122,310
2025,10-Dec-25,19 Jumada Al-Thani,Wednesday,102,300
2025,11-Dec-25,20 Jumada Al-Thani,Thursday,102,310
2025,12-Dec-25,21 Jumada Al-Thani,Friday,82,310
2025,13-Dec-25,22 Jumada Al-Thani,Saturday,62,310
2025,14-Dec-25,23 Jumada Al-Thani,Sunday,66,310
2025,15-Dec-25,24 Jumada Al-Thani,Monday,72,310
2025,16-Dec-25,25 Jumada Al-Thani,Tuesday,82,325
2025,17-Dec-25,26 Jumada Al-Thani,Wednesday,92,345
2025,18-Dec-25,27 Jumada Al-Thani,Thursday,102,350
2025,19-Dec-25,28 Jumada Al-Thani,Friday,102,350
2025,20-Dec-25,29 Jumada Al-Thani,Saturday,102,350
2025,21-Dec-25,1 Rajab 1447,Sunday,106,350
2025,22-Dec-25,2 Rajab 1447,Monday,112,390
2025,23-Dec-25,3 Rajab 1447,Tuesday,112,385
2025,24-Dec-25,4 Rajab 1447,Wednesday,112,375
2025,25-Dec-25,5 Rajab 1447,Thursday,112,380
2025,26-Dec-25,6 Rajab 1447,Friday,112,395
2025,27-Dec-25,7 Rajab 1447,Saturday,96,380
2025,28-Dec-25,8 Rajab 1447,Sunday,96,375
2025,29-Dec-25,9 Rajab 1447,Monday,96,375
2025,30-Dec-25,10 Rajab 1447,Tuesday,66,380
2025,31-Dec-25,11 Rajab 1447,Wednesday,46,380
2026,1-Jan-26,12 Rajab 1447,Thursday,52,380
2026,2-Jan-26,13 Rajab 1447,Friday,62,370
2026,3-Jan-26,14 Rajab 1447,Saturday,62,370
2026,4-Jan-26,15 Rajab 1447,Sunday,66,370
2026,5-Jan-26,16 Rajab 1447,Monday,72,370
2026,6-Jan-26,17 Rajab 1447,Tuesday,72,370
2026,7-Jan-26,18 Rajab 1447,Wednesday,72,380
2026,8-Jan-26,19 Rajab 1447,Thursday,72,380
2026,9-Jan-26,20 Rajab 1447,Friday,56,375
2026,10-Jan-26,21 Rajab 1447,Saturday,42,375
2026,11-Jan-26,22 Rajab 1447,Sunday,52,375
2026,12-Jan-26,23 Rajab 1447,Monday,62,385
2026,13-Jan-26,24 Rajab 1447,Tuesday,62,385
2026,14-Jan-26,25 Rajab 1447,Wednesday,62,375
2026,15-Jan-26,26 Rajab 1447,Thursday,42,375
2026,16-Jan-26,27 Rajab 1447,Friday,32,375
2026,17-Jan-26,28 Rajab 1447,Saturday,32,375
2026,18-Jan-26,29 Rajab 1447,Sunday,32,375
2026,19-Jan-26,30 Rajab 1447,Monday,32,365
2026,20-Jan-26,1 Shaban 1447,Tuesday,32,350
2026,21-Jan-26,2 Shaban 1447,Wednesday,32,335
2026,22-Jan-26,3 Shaban 1447,Thursday,16,315
2026,23-Jan-26,4 Shaban 1447,Friday,27,315
2026,24-Jan-26,5 Shaban 1447,Saturday,36,325
2026,25-Jan-26,6 Shaban 1447,Sunday,44,320
2026,26-Jan-26,7 Shaban 1447,Monday,52,310
2026,27-Jan-26,8 Shaban 1447,Tuesday,62,305
2026,28-Jan-26,9 Shaban 1447,Wednesday,66,315
2026,29-Jan-26,10 Shaban 1447,Thursday,72,315
2026,30-Jan-26,11 Shaban 1447,Friday,74,315
2026,31-Jan-26,12 Shaban 1447,Saturday,74,305
2026,1-Feb-26,13 Shaban 1447,Sunday,74,305
2026,2-Feb-26,14 Shaban 1447,Monday,74,320
2026,3-Feb-26,15 Shaban 1447,Tuesday,52,320
2026,4-Feb-26,16 Shaban 1447,Wednesday,52,315
2026,5-Feb-26,17 Shaban 1447,Thursday,42,305
2026,6-Feb-26,18 Shaban 1447,Friday,46,305
2026,7-Feb-26,19 Shaban 1447,Saturday,52,320
2026,8-Feb-26,20 Shaban 1447,Sunday,52,305
2026,9-Feb-26,21 Shaban 1447,Monday,52,290
2026,10-Feb-26,22 Shaban 1447,Tuesday,52,282
2026,11-Feb-26,23 Shaban 1447,Wednesday,52,290
2026,12-Feb-26,24 Shaban 1447,Thursday,42,285
2026,13-Feb-26,25 Shaban 1447,Friday,32,280
2026,14-Feb-26,26 Shaban 1447,Saturday,32,292
2026,15-Feb-26,27 Shaban 1447,Sunday,32,290
2026,16-Feb-26,28 Shaban 1447,Monday,32,285
2026,17-Feb-26,29 Shaban 1447,Tuesday,32,285
2026,18-Feb-26,1 Ramadan 1447,Wednesday,32,305
2026,19-Feb-26,2 Ramadan 1447,Thursday,36,320
2026,20-Feb-26,3 Ramadan 1447,Friday,36,310
2026,21-Feb-26,4 Ramadan 1447,Saturday,36,300
2026,22-Feb-26,5 Ramadan 1447,Sunday,36,285
2026,23-Feb-26,6 Ramadan 1447,Monday,36,285
2026,24-Feb-26,7 Ramadan 1447,Tuesday,26,280
2026,25-Feb-26,8 Ramadan 1447,Wednesday,16,280
2026,26-Feb-26,9 Ramadan 1447,Thursday,16,280
2026,27-Feb-26,10 Ramadan 1447,Friday,22,284
2026,28-Feb-26,11 Ramadan 1447,Saturday,32,284
2026,1-Mar-26,12 Ramadan 1447,Sunday,36,284
2026,2-Mar-26,13 Ramadan 1447,Monday,42,292
2026,3-Mar-26,14 Ramadan 1447,Tuesday,42,292
2026,4-Mar-26,15 Ramadan 1447,Wednesday,56,305
2026,5-Mar-26,16 Ramadan 1447,Thursday,66,322
2026,6-Mar-26,17 Ramadan 1447,Friday,72,327
2026,7-Mar-26,18 Ramadan 1447,Saturday,72,325
2026,8-Mar-26,19 Ramadan 1447,Sunday,72,315
2026,9-Mar-26,20 Ramadan 1447,Monday,72,315
2026,10-Mar-26,21 Ramadan 1447,Tuesday,46,315
2026,11-Mar-26,22 Ramadan 1447,Wednesday,32,320
2026,12-Mar-26,23 Ramadan 1447,Thursday,32,320
2026,13-Mar-26,24 Ramadan 1447,Friday,32,323
2026,14-Mar-26,25 Ramadan 1447,Saturday,36,342
2026,15-Mar-26,26 Ramadan 1447,Sunday,49,352
2026,16-Mar-26,27 Ramadan 1447,Monday,62,352
2026,17-Mar-26,28 Ramadan 1447,Tuesday,66,352
2026,18-Mar-26,29 Ramadan 1447,Wednesday,66,350
2026,19-Mar-26,30 Ramadan 1447,Thursday,66,340
2026,20-Mar-26,1 Shawwal 1447,Friday,66,345
2026,21-Mar-26,2 Shawwal 1447,Saturday,68,348
2026,22-Mar-26,3 Shawwal 1447,Sunday,69,352
2026,23-Mar-26,4 Shawwal 1447,Monday,70,355
2026,24-Mar-26,5 Shawwal 1447,Tuesday,72,358
2026,25-Mar-26,6 Shawwal 1447,Wednesday,74,380
2026,26-Mar-26,7 Shawwal 1447,Thursday,76,390
2026,27-Mar-26,8 Shawwal 1447,Friday,78,393
2026,28-Mar-26,9 Shawwal 1447,Saturday,78,390
2026,29-Mar-26,10 Shawwal 1447,Sunday,78,390
2026,30-Mar-26,11 Shawwal 1447,Monday,78,388
2026,31-Mar-26,12 Shawwal 1447,Tuesday,62,383
2026,1-Apr-26,13 Shawwal 1447,Wednesday,62,378
2026,2-Apr-26,14 Shawwal 1447,Thursday,64,385
2026,3-Apr-26,15 Shawwal 1447,Friday,72,405
2026,4-Apr-26,16 Shawwal 1447,Saturday,96,405
2026,5-Apr-26,17 Shawwal 1447,Sunday,99,395
2026,6-Apr-26,18 Shawwal 1447,Monday,102,385
2026,7-Apr-26,19 Shawwal 1447,Tuesday,106,370
2026,8-Apr-26,20 Shawwal 1447,Wednesday,110,370
2026,9-Apr-26,21 Shawwal 1447,Thursday,112,380
2026,10-Apr-26,22 Shawwal 1447,Friday,112,380
2026,11-Apr-26,23 Shawwal 1447,Saturday,112,370
2026,12-Apr-26,24 Shawwal 1447,Sunday,112,370
2026,13-Apr-26,25 Shawwal 1447,Monday,112,370
2026,14-Apr-26,26 Shawwal 1447,Tuesday,112,360
2026,15-Apr-26,27 Shawwal 1447,Wednesday,112,340
2026,16-Apr-26,28 Shawwal 1447,Thursday,112,335
2026,17-Apr-26,29 Shawwal 1447,Friday,112,335
2026,18-Apr-26,1 Dhul Qadah 1447,Saturday,112,340
2026,19-Apr-26,2 Dhul Qadah 1447,Sunday,112,340
2026,20-Apr-26,3 Dhul Qadah 1447,Monday,112,335
2026,21-Apr-26,4 Dhul Qadah 1447,Tuesday,112,330
2026,22-Apr-26,5 Dhul Qadah 1447,Wednesday,72,340
2026,23-Apr-26,6 Dhul Qadah 1447,Thursday,72,340
2026,24-Apr-26,7 Dhul Qadah 1447,Friday,46,335
2026,25-Apr-26,8 Dhul Qadah 1447,Saturday,36,325
2026,26-Apr-26,9 Dhul Qadah 1447,Sunday,36,310
2026,27-Apr-26,10 Dhul Qadah 1447,Monday,36,305
2026,28-Apr-26,11 Dhul Qadah 1447,Tuesday,42,310
2026,29-Apr-26,12 Dhul Qadah 1447,Wednesday,44,310
2026,30-Apr-26,13 Dhul Qadah 1447,Thursday,46,310
2026,1-May-26,14 Dhul Qadah 1447,Friday,46,325
2026,2-May-26,15 Dhul Qadah 1447,Saturday,52,344
2026,3-May-26,16 Dhul Qadah 1447,Sunday,56,340
2026,4-May-26,17 Dhul Qadah 1447,Monday,62,342
2026,5-May-26,18 Dhul Qadah 1447,Tuesday,82,350
2026,6-May-26,19 Dhul Qadah 1447,Wednesday,86,370
2026,7-May-26,20 Dhul Qadah 1447,Thursday,92,360
2026,8-May-26,21 Dhul Qadah 1447,Friday,94,350
2026,9-May-26,22 Dhul Qadah 1447,Saturday,96,342
2026,10-May-26,23 Dhul Qadah 1447,Sunday,96,342
2026,11-May-26,24 Dhul Qadah 1447,Monday,98,345
2026,12-May-26,25 Dhul Qadah 1447,Tuesday,98,342
2026,13-May-26,26 Dhul Qadah 1447,Wednesday,98,335
2026,14-May-26,27 Dhul Qadah 1447,Thursday,98,330
2026,15-May-26,28 Dhul Qadah 1447,Friday,72,325
2026,16-May-26,29 Dhul Qadah 1447,Saturday,72,320
2026,17-May-26,30 Dhul Qadah 1447,Sunday,74,336
2026,18-May-26,1 Dhul Hijjah 1447,Monday,76,345
2026,19-May-26,2 Dhul Hijjah 1447,Tuesday,80,335
2026,20-May-26,3 Dhul Hijjah 1447,Wednesday,82,330
2026,21-May-26,4 Dhul Hijjah 1447,Thursday,82,310
2026,22-May-26,5 Dhul Hijjah 1447,Friday,82,310
2026,23-May-26,6 Dhul Hijjah 1447,Saturday,82,315
2026,24-May-26,7 Dhul Hijjah 1447,Sunday,82,315
2026,25-May-26,8 Dhul Hijjah 1447,Monday,82,315
2026,26-May-26,9 Dhul Hijjah 1447,Tuesday,82,310
2026,27-May-26,10 Dhul Hijjah 1447,Wednesday,82,310
2026,28-May-26,11 Dhul Hijjah 1447,Thursday,82,310
2026,29-May-26,12 Dhul Hijjah 1447,Friday,82,310
2026,30-May-26,13 Dhul Hijjah 1447,Saturday,82,310
2026,31-May-26,14 Dhul Hijjah 1447,Sunday,82,300
2026,1-Jun-26,15 Dhul Hijjah 1447,Monday,82,300
2026,2-Jun-26,16 Dhul Hijjah 1447,Tuesday,66,295
2026,3-Jun-26,17 Dhul Hijjah 1447,Wednesday,66,290
2026,4-Jun-26,18 Dhul Hijjah 1447,Thursday,66,283
2026,5-Jun-26,19 Dhul Hijjah 1447,Friday,46,275
2026,6-Jun-26,20 Dhul Hijjah 1447,Saturday,46,270
2026,7-Jun-26,21 Dhul Hijjah 1447,Sunday,46,273
2026,8-Jun-26,22 Dhul Hijjah 1447,Monday,46,280
2026,9-Jun-26,23 Dhul Hijjah 1447,Tuesday,46,280
2026,10-Jun-26,24 Dhul Hijjah 1447,Wednesday,46,270
2026,11-Jun-26,25 Dhul Hijjah 1447,Thursday,46,245
2026,12-Jun-26,26 Dhul Hijjah 1447,Friday,32,240
2026,13-Jun-26,27 Dhul Hijjah 1447,Saturday,32,260
2026,14-Jun-26,28 Dhul Hijjah 1447,Sunday,32,270
2026,15-Jun-26,29 Dhul Hijjah 1447,Monday,32,266
2026,16-Jun-26,1 Muharram 1448,Tuesday,32,255
2026,17-Jun-26,2 Muharram 1448,Wednesday,26,260
2026,18-Jun-26,3 Muharram 1448,Thursday,36,272
2026,19-Jun-26,4 Muharram 1448,Friday,46,285
2026,20-Jun-26,5 Muharram 1448,Saturday,46,285
2026,21-Jun-26,6 Muharram 1448,Sunday,46,275
2026,22-Jun-26,7 Muharram 1448,Monday,46,255
2026,23-Jun-26,8 Muharram 1448,Tuesday,30,255
2026,24-Jun-26,9 Muharram 1448,Wednesday,20,265
2026,25-Jun-26,10 Muharram 1448,Thursday,20,255
2026,26-Jun-26,11 Muharram 1448,Friday,20,255
2026,27-Jun-26,12 Muharram 1448,Saturday,20,250
2026,28-Jun-26,13 Muharram 1448,Sunday,20,250
2026,29-Jun-26,14 Muharram 1448,Monday,20,260
2026,30-Jun-26,15 Muharram 1448,Tuesday,20,260
2026,1-Jul-26,16 Muharram 1448,Wednesday,20,255
2026,2-Jul-26,17 Muharram 1448,Thursday,20,255
2026,3-Jul-26,18 Muharram 1448,Friday,26,255
2026,4-Jul-26,19 Muharram 1448,Saturday,26,250
2026,5-Jul-26,20 Muharram 1448,Sunday,26,240
2026,6-Jul-26,21 Muharram 1448,Monday,26,240
2026,7-Jul-26,22 Muharram 1448,Tuesday,26,250
2026,8-Jul-26,23 Muharram 1448,Wednesday,30,270
2026,9-Jul-26,24 Muharram 1448,Thursday,32,270
2026,10-Jul-26,25 Muharram 1448,Friday,36,265
2026,11-Jul-26,26 Muharram 1448,Saturday,36,270
2026,12-Jul-26,27 Muharram 1448,Sunday,44,280
2026,13-Jul-26,28 Muharram 1448,Monday,52,308
2026,14-Jul-26,29 Muharram 1448,Tuesday,72,320
2026,15-Jul-26,1 Safar 1448,Wednesday,74,335
2026,16-Jul-26,2 Safar 1448,Thursday,74,325
2026,17-Jul-26,3 Safar 1448,Friday,56,310
2026,18-Jul-26,4 Safar 1448,Saturday,40,300
2026,19-Jul-26,5 Safar 1448,Sunday,48,310
2026,20-Jul-26,6 Safar 1448,Monday,56,315
2026,21-Jul-26,7 Safar 1448,Tuesday,60,310
2026,22-Jul-26,8 Safar 1448,Wednesday,62,310
2026,23-Jul-26,9 Safar 1448,Thursday,62.5,305
2026,24-Jul-26,10 Safar 1448,Friday,62.5,300
2026,25-Jul-26,11 Safar 1448,Saturday,62.5,295
2026,26-Jul-26,12 Safar 1448,Sunday,,285
2026,27-Jul-26,13 Safar 1448,Monday,45.5,275
2026,28-Jul-26,14 Safar 1448,Tuesday,45.5,275
2026,29-Jul-26,15 Safar 1448,Wednesday,45.5,275
2026,30-Jul-26,16 Safar 1448,Thursday,50.5,260
2026,31-Jul-26,17 Safar 1448,Friday,60.5,270
